i,j,sol_decompose,sol_Ax,sol_Ay
0,0,0.000000e+00,-1.487235e+03,-1.960393e+03,
1,0,-1.774028e+10,-1.486490e+03,-1.960375e+03,
2,0,-2.419241e+10,-1.486224e+03,-1.960516e+03,
3,0,-2.740184e+10,-1.486095e+03,-1.960625e+03,
4,0,-2.943382e+10,-1.486016e+03,-1.960697e+03,
5,0,-3.092082e+10,-1.485960e+03,-1.960745e+03,
6,0,-3.210169e+10,-1.485917e+03,-1.960779e+03,
7,0,-3.308637e+10,-1.485883e+03,-1.960803e+03,
8,0,-3.393388e+10,-1.485855e+03,-1.960821e+03,
9,0,-3.467949e+10,-1.485832e+03,-1.960834e+03,
10,0,-3.534581e+10,-1.485813e+03,-1.960845e+03,
11,0,-3.594808e+10,-1.485796e+03,-1.960854e+03,
12,0,-3.649690e+10,-1.485782e+03,-1.960860e+03,
13,0,-3.699983e+10,-1.485770e+03,-1.960866e+03,
14,0,-3.746236e+10,-1.485759e+03,-1.960871e+03,
15,0,-3.788852e+10,-1.485750e+03,-1.960875e+03,
16,0,-3.828136e+10,-1.485743e+03,-1.960878e+03,
17,0,-3.864318e+10,-1.485736e+03,-1.960880e+03,
18,0,-3.897584e+10,-1.485731e+03,-1.960883e+03,
19,0,-3.928087e+10,-1.485726e+03,-1.960885e+03,
20,0,-3.955963e+10,-1.485723e+03,-1.960886e+03,
21,0,-3.981337e+10,-1.485720e+03,-1.960888e+03,
22,0,-4.004334e+10,-1.485717e+03,-1.960889e+03,
23,0,-4.025079e+10,-1.485716e+03,-1.960890e+03,
24,0,-4.043699e+10,-1.485714e+03,-1.960891e+03,
25,0,-4.060326e+10,-1.485713e+03,-1.960892e+03,
26,0,-4.075095e+10,-1.485712e+03,-1.960893e+03,
27,0,-4.088141e+10,-1.485712e+03,-1.960894e+03,
28,0,-4.099599e+10,-1.485711e+03,-1.960894e+03,
29,0,-4.109598e+10,-1.485711e+03,-1.960895e+03,
30,0,-4.118264e+10,-1.485711e+03,-1.960896e+03,
31,0,-4.125713e+10,-1.485711e+03,-1.960896e+03,
32,0,-4.132055e+10,-1.485711e+03,-1.960897e+03,
33,0,-4.137387e+10,-1.485711e+03,-1.960898e+03,
34,0,-4.141795e+10,-1.485712e+03,-1.960899e+03,
35,0,-4.145354e+10,-1.485712e+03,-1.960900e+03,
36,0,-4.148127e+10,-1.485712e+03,-1.960901e+03,
37,0,-4.150162e+10,-1.485712e+03,-1.960902e+03,
38,0,-4.151499e+10,-1.485712e+03,-1.960903e+03,
39,0,-4.152161e+10,-1.485712e+03,-1.960904e+03,
0,1,-4.152161e+10,-1.485712e+03,-1.960906e+03,
1,1,-2.338427e+10,-1.486258e+03,-1.957838e+03,
2,1,-2.338427e+10,-1.486258e+03,-1.959185e+03,
3,1,-2.581368e+10,-1.486158e+03,-1.959792e+03,
4,1,-2.799049e+10,-1.486072e+03,-1.960123e+03,
5,1,-2.970622e+10,-1.486005e+03,-1.960326e+03,
6,1,-3.107380e+10,-1.485954e+03,-1.960461e+03,
7,1,-3.219969e+10,-1.485914e+03,-1.960555e+03,
8,1,-3.315484e+10,-1.485881e+03,-1.960624e+03,
9,1,-3.398472e+10,-1.485854e+03,-1.960675e+03,
10,1,-3.471900e+10,-1.485831e+03,-1.960715e+03,
11,1,-3.537770e+10,-1.485812e+03,-1.960746e+03,
12,1,-3.597466e+10,-1.485795e+03,-1.960771e+03,
13,1,-3.651968e+10,-1.485781e+03,-1.960792e+03,
14,1,-3.701986e+10,-1.485769e+03,-1.960808e+03,
15,1,-3.748035e+10,-1.485759e+03,-1.960822e+03,
16,1,-3.790499e+10,-1.485750e+03,-1.960833e+03,
17,1,-3.829665e+10,-1.485742e+03,-1.960842e+03,
18,1,-3.865754e+10,-1.485736e+03,-1.960850e+03,
19,1,-3.898943e+10,-1.485731e+03,-1.960857e+03,
20,1,-3.929378e+10,-1.485726e+03,-1.960862e+03,
21,1,-3.957191e+10,-1.485723e+03,-1.960867e+03,
22,1,-3.982504e+10,-1.485720e+03,-1.960871e+03,
23,1,-4.005438e+10,-1.485717e+03,-1.960875e+03,
24,1,-4.026119e+10,-1.485715e+03,-1.960878e+03,
25,1,-4.044674e+10,-1.485714e+03,-1.960881e+03,
26,1,-4.061236e+10,-1.485713e+03,-1.960884e+03,
27,1,-4.075938e+10,-1.485712e+03,-1.960886e+03,
28,1,-4.088918e+10,-1.485712e+03,-1.960888e+03,
29,1,-4.100312e+10,-1.485711e+03,-1.960891e+03,
30,1,-4.110250e+10,-1.485711e+03,-1.960893e+03,
31,1,-4.118858e+10,-1.485711e+03,-1.960895e+03,
32,1,-4.126254e+10,-1.485711e+03,-1.960897e+03,
33,1,-4.132549e+10,-1.485711e+03,-1.960899e+03,
34,1,-4.137838e+10,-1.485711e+03,-1.960901e+03,
35,1,-4.142210e+10,-1.485712e+03,-1.960903e+03,
36,1,-4.145738e+10,-1.485712e+03,-1.960905e+03,
37,1,-4.148486e+10,-1.485712e+03,-1.960908e+03,
38,1,-4.150504e+10,-1.485712e+03,-1.960911e+03,
39,1,-4.151828e+10,-1.485712e+03,-1.960914e+03,
0,2,-4.152484e+10,-1.485712e+03,-1.960918e+03,
1,2,-4.152484e+10,-1.485712e+03,-1.960922e+03,
2,2,-2.659887e+10,-1.486129e+03,-1.957852e+03,
3,2,-2.659887e+10,-1.486129e+03,-1.958743e+03,
4,2,-2.768755e+10,-1.486085e+03,-1.959349e+03,
5,2,-2.904021e+10,-1.486032e+03,-1.959751e+03,
6,2,-3.032677e+10,-1.485983e+03,-1.960024e+03,
7,2,-3.146848e+10,-1.485941e+03,-1.960217e+03,
8,2,-3.246843e+10,-1.485905e+03,-1.960357e+03,
9,2,-3.334860e+10,-1.485875e+03,-1.960462e+03,
10,2,-3.413114e+10,-1.485850e+03,-1.960542e+03,
11,2,-3.483411e+10,-1.485828e+03,-1.960605e+03,
12,2,-3.547133e+10,-1.485809e+03,-1.960654e+03,
13,2,-3.605316e+10,-1.485794e+03,-1.960694e+03,
14,2,-3.658732e+10,-1.485780e+03,-1.960726e+03,
15,2,-3.707957e+10,-1.485768e+03,-1.960753e+03,
16,2,-3.753421e+10,-1.485758e+03,-1.960775e+03,
17,2,-3.795445e+10,-1.485749e+03,-1.960793e+03,
18,2,-3.834272e+10,-1.485742e+03,-1.960808e+03,
19,2,-3.870092e+10,-1.485736e+03,-1.960821e+03,
20,2,-3.903055e+10,-1.485730e+03,-1.960832e+03,
21,2,-3.933292e+10,-1.485726e+03,-1.960841e+03,
22,2,-3.960918e+10,-1.485722e+03,-1.960849e+03,
23,2,-3.986047e+10,-1.485720e+03,-1.960856e+03,
24,2,-4.008796e+10,-1.485717e+03,-1.960862e+03,
25,2,-4.029286e+10,-1.485715e+03,-1.960867e+03,
26,2,-4.047643e+10,-1.485714e+03,-1.960872e+03,
27,2,-4.064003e+10,-1.485713e+03,-1.960876e+03,
28,2,-4.078503e+10,-1.485712e+03,-1.960880e+03,
29,2,-4.091282e+10,-1.485712e+03,-1.960884e+03,
30,2,-4.102480e+10,-1.485711e+03,-1.960887e+03,
31,2,-4.112231e+10,-1.485711e+03,-1.960890e+03,
32,2,-4.120663e+10,-1.485711e+03,-1.960893e+03,
33,2,-4.127898e+10,-1.485711e+03,-1.960897e+03,
34,2,-4.134047e+10,-1.485711e+03,-1.960900e+03,
35,2,-4.139207e+10,-1.485712e+03,-1.960903e+03,
36,2,-4.143467e+10,-1.485712e+03,-1.960907e+03,
37,2,-4.146903e+10,-1.485712e+03,-1.960911e+03,
38,2,-4.149576e+10,-1.485712e+03,-1.960916e+03,
39,2,-4.151538e+10,-1.485712e+03,-1.960920e+03,
0,3,-4.152825e+10,-1.485712e+03,-1.960926e+03,
1,3,-4.153462e+10,-1.485712e+03,-1.960932e+03,
2,3,-4.153462e+10,-1.485712e+03,-1.960938e+03,
3,3,-2.872479e+10,-1.486047e+03,-1.957938e+03,
4,3,-2.872479e+10,-1.486047e+03,-1.958589e+03,
5,3,-2.929743e+10,-1.486025e+03,-1.959113e+03,
6,3,-3.015604e+10,-1.485991e+03,-1.959510e+03,
7,3,-3.109215e+10,-1.485956e+03,-1.959805e+03,
8,3,-3.200492e+10,-1.485922e+03,-1.960027e+03,
9,3,-3.285694e+10,-1.485892e+03,-1.960195e+03,
10,3,-3.363999e+10,-1.485866e+03,-1.960325e+03,
11,3,-3.435714e+10,-1.485843e+03,-1.960427e+03,
12,3,-3.501498e+10,-1.485823e+03,-1.960508e+03,
13,3,-3.562035e+10,-1.485806e+03,-1.960572e+03,
14,3,-3.617932e+10,-1.485791e+03,-1.960625e+03,
15,3,-3.669687e+10,-1.485777e+03,-1.960667e+03,
16,3,-3.717690e+10,-1.485766e+03,-1.960703e+03,
17,3,-3.762246e+10,-1.485756e+03,-1.960732e+03,
18,3,-3.803585e+10,-1.485748e+03,-1.960756e+03,
19,3,-3.841886e+10,-1.485741e+03,-1.960777e+03,
20,3,-3.877285e+10,-1.485735e+03,-1.960794e+03,
21,3,-3.909895e+10,-1.485730e+03,-1.960809e+03,
22,3,-3.939816e+10,-1.485725e+03,-1.960821e+03,
23,3,-3.967142e+10,-1.485722e+03,-1.960832e+03,
24,3,-3.991972e+10,-1.485719e+03,-1.960841e+03,
25,3,-4.014414e+10,-1.485717e+03,-1.960849e+03,
26,3,-4.034584e+10,-1.485715e+03,-1.960857e+03,
27,3,-4.052611e+10,-1.485714e+03,-1.960863e+03,
28,3,-4.068631e+10,-1.485713e+03,-1.960869e+03,
29,3,-4.082789e+10,-1.485712e+03,-1.960874e+03,
30,3,-4.095228e+10,-1.485712e+03,-1.960879e+03,
31,3,-4.106095e+10,-1.485712e+03,-1.960884e+03,
32,3,-4.115530e+10,-1.485711e+03,-1.960888e+03,
33,3,-4.123666e+10,-1.485711e+03,-1.960892e+03,
34,3,-4.130629e+10,-1.485711e+03,-1.960897e+03,
35,3,-4.136532e+10,-1.485712e+03,-1.960901e+03,
36,3,-4.141475e+10,-1.485712e+03,-1.960906e+03,
37,3,-4.145549e+10,-1.485712e+03,-1.960911e+03,
38,3,-4.148830e+10,-1.485712e+03,-1.960917e+03,
39,3,-4.151379e+10,-1.485712e+03,-1.960922e+03,
0,4,-4.153247e+10,-1.485712e+03,-1.960929e+03,
1,4,-4.154472e+10,-1.485712e+03,-1.960936e+03,
2,4,-4.155079e+10,-1.485712e+03,-1.960945e+03,
3,4,-4.155079e+10,-1.485712e+03,-1.960954e+03,
4,4,-3.027806e+10,-1.485990e+03,-1.958058e+03,
5,4,-3.027806e+10,-1.485990e+03,-1.958566e+03,
6,4,-3.062133e+10,-1.485976e+03,-1.959008e+03,
7,4,-3.119439e+10,-1.485954e+03,-1.959371e+03,
8,4,-3.188089e+10,-1.485928e+03,-1.959662e+03,
9,4,-3.260210e+10,-1.485902e+03,-1.959891e+03,
10,4,-3.331445e+10,-1.485878e+03,-1.960073e+03,
11,4,-3.399725e+10,-1.485855e+03,-1.960218e+03,
12,4,-3.464246e+10,-1.485835e+03,-1.960333e+03,
13,4,-3.524829e+10,-1.485817e+03,-1.960427e+03,
14,4,-3.581578e+10,-1.485801e+03,-1.960503e+03,
15,4,-3.634693e+10,-1.485787e+03,-1.960565e+03,
16,4,-3.684392e+10,-1.485774e+03,-1.960616e+03,
17,4,-3.730870e+10,-1.485764e+03,-1.960659e+03,
18,4,-3.774287e+10,-1.485754e+03,-1.960694e+03,
19,4,-3.814766e+10,-1.485746e+03,-1.960724e+03,
20,4,-3.852401e+10,-1.485740e+03,-1.960749e+03,
21,4,-3.887267e+10,-1.485734e+03,-1.960770e+03,
22,4,-3.919425e+10,-1.485729e+03,-1.960788e+03,
23,4,-3.948934e+10,-1.485725e+03,-1.960803e+03,
24,4,-3.975861e+10,-1.485722e+03,-1.960817e+03,
25,4,-4.000285e+10,-1.485719e+03,-1.960828e+03,
26,4,-4.022302e+10,-1.485717e+03,-1.960838e+03,
27,4,-4.042025e+10,-1.485715e+03,-1.960847e+03,
28,4,-4.059585e+10,-1.485714e+03,-1.960855e+03,
29,4,-4.075123e+10,-1.485713e+03,-1.960862e+03,
30,4,-4.088791e+10,-1.485712e+03,-1.960869e+03,
31,4,-4.100746e+10,-1.485712e+03,-1.960875e+03,
32,4,-4.111142e+10,-1.485712e+03,-1.960880e+03,
33,4,-4.120127e+10,-1.485712e+03,-1.960886e+03,
34,4,-4.127844e+10,-1.485712e+03,-1.960891e+03,
35,4,-4.134420e+10,-1.485712e+03,-1.960897e+03,
36,4,-4.139976e+10,-1.485712e+03,-1.960902e+03,
37,4,-4.144614e+10,-1.485712e+03,-1.960908e+03,
38,4,-4.148426e+10,-1.485712e+03,-1.960915e+03,
39,4,-4.151487e+10,-1.485712e+03,-1.960921e+03,
0,5,-4.153862e+10,-1.485712e+03,-1.960929e+03,
1,5,-4.155600e+10,-1.485712e+03,-1.960937e+03,
2,5,-4.156738e+10,-1.485713e+03,-1.960946e+03,
3,5,-4.157301e+10,-1.485713e+03,-1.960956e+03,
4,5,-4.157301e+10,-1.485713e+03,-1.960968e+03,
5,5,-3.148807e+10,-1.485946e+03,-1.958197e+03,
6,5,-3.148807e+10,-1.485946e+03,-1.958609e+03,
7,5,-3.171545e+10,-1.485937e+03,-1.958984e+03,
8,5,-3.211928e+10,-1.485922e+03,-1.959308e+03,
9,5,-3.263492e+10,-1.485903e+03,-1.959581e+03,
10,5,-3.320813e+10,-1.485883e+03,-1.959805e+03,
11,5,-3.380150e+10,-1.485863e+03,-1.959989e+03,
12,5,-3.439212e+10,-1.485843e+03,-1.960140e+03,
13,5,-3.496715e+10,-1.485826e+03,-1.960263e+03,
14,5,-3.551996e+10,-1.485810e+03,-1.960364e+03,
15,5,-3.604753e+10,-1.485795e+03,-1.960448e+03,
16,5,-3.654869e+10,-1.485782e+03,-1.960517e+03,
17,5,-3.702319e+10,-1.485771e+03,-1.960574e+03,
18,5,-3.747112e+10,-1.485760e+03,-1.960622e+03,
19,5,-3.789265e+10,-1.485752e+03,-1.960663e+03,
20,5,-3.828789e+10,-1.485744e+03,-1.960697e+03,
21,5,-3.865687e+10,-1.485738e+03,-1.960725e+03,
22,5,-3.899958e+10,-1.485732e+03,-1.960749e+03,
23,5,-3.931603e+10,-1.485728e+03,-1.960770e+03,
24,5,-3.960635e+10,-1.485724e+03,-1.960788e+03,
25,5,-3.987084e+10,-1.485721e+03,-1.960803e+03,
26,5,-4.011006e+10,-1.485719e+03,-1.960817e+03,
27,5,-4.032485e+10,-1.485717e+03,-1.960828e+03,
28,5,-4.051631e+10,-1.485715e+03,-1.960839e+03,
29,5,-4.068579e+10,-1.485714e+03,-1.960848e+03,
30,5,-4.083483e+10,-1.485713e+03,-1.960856e+03,
31,5,-4.096508e+10,-1.485713e+03,-1.960864e+03,
32,5,-4.107824e+10,-1.485712e+03,-1.960871e+03,
33,5,-4.117599e+10,-1.485712e+03,-1.960878e+03,
34,5,-4.125994e+10,-1.485712e+03,-1.960884e+03,
35,5,-4.133160e+10,-1.485712e+03,-1.960891e+03,
36,5,-4.139233e+10,-1.485712e+03,-1.960897e+03,
37,5,-4.144337e+10,-1.485712e+03,-1.960903e+03,
38,5,-4.148580e+10,-1.485712e+03,-1.960910e+03,
39,5,-4.152052e+10,-1.485712e+03,-1.960918e+03,
0,6,-4.154832e+10,-1.485713e+03,-1.960926e+03,
1,6,-4.156982e+10,-1.485713e+03,-1.960934e+03,
2,6,-4.158552e+10,-1.485713e+03,-1.960944e+03,
3,6,-4.159579e+10,-1.485713e+03,-1.960955e+03,
4,6,-4.160087e+10,-1.485713e+03,-1.960967e+03,
5,6,-4.160087e+10,-1.485713e+03,-1.960981e+03,
6,6,-3.247070e+10,-1.485912e+03,-1.958348e+03,
7,6,-3.247070e+10,-1.485912e+03,-1.958692e+03,
8,6,-3.263310e+10,-1.485905e+03,-1.959013e+03,
9,6,-3.293238e+10,-1.485894e+03,-1.959299e+03,
10,6,-3.333137e+10,-1.485880e+03,-1.959548e+03,
11,6,-3.379399e+10,-1.485864e+03,-1.959761e+03,
12,6,-3.429130e+10,-1.485848e+03,-1.959940e+03,
13,6,-3.480259e+10,-1.485832e+03,-1.960090e+03,
14,6,-3.531404e+10,-1.485816e+03,-1.960215e+03,
15,6,-3.581689e+10,-1.485802e+03,-1.960320e+03,
16,6,-3.630569e+10,-1.485789e+03,-1.960408e+03,
17,6,-3.677711e+10,-1.485777e+03,-1.960481e+03,
18,6,-3.722902e+10,-1.485766e+03,-1.960542e+03,
19,6,-3.765994e+10,-1.485757e+03,-1.960594e+03,
20,6,-3.806873e+10,-1.485749e+03,-1.960638e+03,
21,6,-3.845439e+10,-1.485742e+03,-1.960675e+03,
22,6,-3.881600e+10,-1.485736e+03,-1.960706e+03,
23,6,-3.915274e+10,-1.485731e+03,-1.960733e+03,
24,6,-3.946395e+10,-1.485726e+03,-1.960755e+03,
25,6,-3.974918e+10,-1.485723e+03,-1.960775e+03,
26,6,-4.000834e+10,-1.485720e+03,-1.960792e+03,
27,6,-4.024170e+10,-1.485718e+03,-1.960807e+03,
28,6,-4.045000e+10,-1.485716e+03,-1.960820e+03,
29,6,-4.063434e+10,-1.485715e+03,-1.960831e+03,
30,6,-4.079618e+10,-1.485714e+03,-1.960842e+03,
31,6,-4.093723e+10,-1.485713e+03,-1.960851e+03,
32,6,-4.105934e+10,-1.485713e+03,-1.960860e+03,
33,6,-4.116444e+10,-1.485713e+03,-1.960868e+03,
34,6,-4.125436e+10,-1.485712e+03,-1.960875e+03,
35,6,-4.133090e+10,-1.485712e+03,-1.960882e+03,
36,6,-4.139568e+10,-1.485712e+03,-1.960890e+03,
37,6,-4.145015e+10,-1.485712e+03,-1.960897e+03,
38,6,-4.149561e+10,-1.485712e+03,-1.960904e+03,
39,6,-4.153315e+10,-1.485713e+03,-1.960912e+03,
0,7,-4.156370e+10,-1.485713e+03,-1.960920e+03,
1,7,-4.158805e+10,-1.485713e+03,-1.960929e+03,
2,7,-4.160682e+10,-1.485713e+03,-1.960939e+03,
3,7,-4.162048e+10,-1.485713e+03,-1.960950e+03,
4,7,-4.162940e+10,-1.485713e+03,-1.960962e+03,
5,7,-4.163380e+10,-1.485713e+03,-1.960976e+03,
6,7,-4.163380e+10,-1.485713e+03,-1.960991e+03,
7,7,-3.329093e+10,-1.485884e+03,-1.958508e+03,
8,7,-3.329093e+10,-1.485884e+03,-1.958800e+03,
9,7,-3.341389e+10,-1.485879e+03,-1.959076e+03,
10,7,-3.364575e+10,-1.485871e+03,-1.959329e+03,
11,7,-3.396420e+10,-1.485860e+03,-1.959554e+03,
12,7,-3.434516e+10,-1.485847e+03,-1.959751e+03,
13,7,-3.476713e+10,-1.485833e+03,-1.959920e+03,
14,7,-3.521289e+10,-1.485820e+03,-1.960065e+03,
15,7,-3.566955e+10,-1.485807e+03,-1.960189e+03,
16,7,-3.612785e+10,-1.485794e+03,-1.960294e+03,
17,7,-3.658124e+10,-1.485782e+03,-1.960382e+03,
18,7,-3.702505e+10,-1.485772e+03,-1.960457e+03,
19,7,-3.745584e+10,-1.485762e+03,-1.960521e+03,
20,7,-3.787090e+10,-1.485753e+03,-1.960574e+03,
21,7,-3.826794e+10,-1.485746e+03,-1.960620e+03,
22,7,-3.864493e+10,-1.485739e+03,-1.960659e+03,
23,7,-3.899999e+10,-1.485734e+03,-1.960692e+03,
24,7,-3.933145e+10,-1.485729e+03,-1.960720e+03,
25,7,-3.963784e+10,-1.485725e+03,-1.960744e+03,
26,7,-3.991809e+10,-1.485722e+03,-1.960765e+03,
27,7,-4.017162e+10,-1.485719e+03,-1.960783e+03,
28,7,-4.039842e+10,-1.485717e+03,-1.960799e+03,
29,7,-4.059911e+10,-1.485716e+03,-1.960813e+03,
30,7,-4.077487e+10,-1.485715e+03,-1.960826e+03,
31,7,-4.092735e+10,-1.485714e+03,-1.960837e+03,
32,7,-4.105856e+10,-1.485713e+03,-1.960847e+03,
33,7,-4.117064e+10,-1.485713e+03,-1.960856e+03,
34,7,-4.126578e+10,-1.485713e+03,-1.960865e+03,
35,7,-4.134613e+10,-1.485713e+03,-1.960873e+03,
36,7,-4.141363e+10,-1.485713e+03,-1.960881e+03,
37,7,-4.147006e+10,-1.485713e+03,-1.960889e+03,
38,7,-4.151699e+10,-1.485713e+03,-1.960897e+03,
39,7,-4.155576e+10,-1.485713e+03,-1.960905e+03,
0,8,-4.158748e+10,-1.485713e+03,-1.960913e+03,
1,8,-4.161309e+10,-1.485713e+03,-1.960922e+03,
2,8,-4.163337e+10,-1.485713e+03,-1.960932e+03,
3,8,-4.164892e+10,-1.485713e+03,-1.960943e+03,
4,8,-4.166019e+10,-1.485713e+03,-1.960955e+03,
5,8,-4.166752e+10,-1.485714e+03,-1.960968e+03,
6,8,-4.167113e+10,-1.485714e+03,-1.960983e+03,
7,8,-4.167113e+10,-1.485714e+03,-1.961000e+03,
8,8,-3.398820e+10,-1.485861e+03,-1.958674e+03,
9,8,-3.398820e+10,-1.485861e+03,-1.958926e+03,
10,8,-3.408577e+10,-1.485858e+03,-1.959165e+03,
11,8,-3.427255e+10,-1.485851e+03,-1.959388e+03,
12,8,-3.453451e+10,-1.485842e+03,-1.959589e+03,
13,8,-3.485532e+10,-1.485832e+03,-1.959769e+03,
14,8,-3.521918e+10,-1.485820e+03,-1.959927e+03,
15,8,-3.561230e+10,-1.485809e+03,-1.960064e+03,
16,8,-3.602341e+10,-1.485797e+03,-1.960182e+03,
17,8,-3.644371e+10,-1.485786e+03,-1.960284e+03,
18,8,-3.686636e+10,-1.485776e+03,-1.960371e+03,
19,8,-3.728601e+10,-1.485766e+03,-1.960445e+03,
20,8,-3.769839e+10,-1.485757e+03,-1.960509e+03,
21,8,-3.809986e+10,-1.485749e+03,-1.960563e+03,
22,8,-3.848720e+10,-1.485742e+03,-1.960609e+03,
23,8,-3.885739e+10,-1.485736e+03,-1.960649e+03,
24,8,-3.920761e+10,-1.485731e+03,-1.960683e+03,
25,8,-3.953521e+10,-1.485727e+03,-1.960712e+03,
26,8,-3.983786e+10,-1.485723e+03,-1.960737e+03,
27,8,-4.011372e+10,-1.485721e+03,-1.960759e+03,
28,8,-4.036162e+10,-1.485718e+03,-1.960778e+03,
29,8,-4.058126e+10,-1.485717e+03,-1.960794e+03,
30,8,-4.077315e+10,-1.485715e+03,-1.960809e+03,
31,8,-4.093867e+10,-1.485714e+03,-1.960822e+03,
32,8,-4.107982e+10,-1.485714e+03,-1.960833e+03,
33,8,-4.119901e+10,-1.485714e+03,-1.960844e+03,
34,8,-4.129885e+10,-1.485713e+03,-1.960854e+03,
35,8,-4.138194e+10,-1.485713e+03,-1.960863e+03,
36,8,-4.145072e+10,-1.485713e+03,-1.960872e+03,
37,8,-4.150741e+10,-1.485713e+03,-1.960880e+03,
38,8,-4.155396e+10,-1.485713e+03,-1.960889e+03,
39,8,-4.159200e+10,-1.485713e+03,-1.960897e+03,
0,9,-4.162294e+10,-1.485713e+03,-1.960905e+03,
1,9,-4.164791e+10,-1.485714e+03,-1.960914e+03,
2,9,-4.166783e+10,-1.485714e+03,-1.960924e+03,
3,9,-4.168343e+10,-1.485714e+03,-1.960934e+03,
4,9,-4.169529e+10,-1.485714e+03,-1.960945e+03,
5,9,-4.170383e+10,-1.485714e+03,-1.960958e+03,
6,9,-4.170936e+10,-1.485714e+03,-1.960972e+03,
7,9,-4.171207e+10,-1.485714e+03,-1.960988e+03,
8,9,-4.171207e+10,-1.485714e+03,-1.961006e+03,
9,9,-3.458791e+10,-1.485842e+03,-1.958847e+03,
10,9,-3.458791e+10,-1.485842e+03,-1.959064e+03,
11,9,-3.466842e+10,-1.485839e+03,-1.959273e+03,
12,9,-3.482418e+10,-1.485834e+03,-1.959468e+03,
13,9,-3.504595e+10,-1.485827e+03,-1.959648e+03,
14,9,-3.532244e+10,-1.485818e+03,-1.959810e+03,
15,9,-3.564197e+10,-1.485808e+03,-1.959954e+03,
16,9,-3.599369e+10,-1.485798e+03,-1.960081e+03,
17,9,-3.636810e+10,-1.485788e+03,-1.960193e+03,
18,9,-3.675723e+10,-1.485779e+03,-1.960289e+03,
19,9,-3.715446e+10,-1.485769e+03,-1.960373e+03,
20,9,-3.755425e+10,-1.485760e+03,-1.960445e+03,
21,9,-3.795185e+10,-1.485752e+03,-1.960507e+03,
22,9,-3.834296e+10,-1.485745e+03,-1.960561e+03,
23,9,-3.872359e+10,-1.485739e+03,-1.960606e+03,
24,9,-3.908984e+10,-1.485733e+03,-1.960646e+03,
25,9,-3.943784e+10,-1.485729e+03,-1.960679e+03,
26,9,-3.976392e+10,-1.485725e+03,-1.960708e+03,
27,9,-4.006467e+10,-1.485722e+03,-1.960734e+03,
28,9,-4.033729e+10,-1.485719e+03,-1.960755e+03,
29,9,-4.057992e+10,-1.485717e+03,-1.960774e+03,
30,9,-4.079182e+10,-1.485716e+03,-1.960791e+03,
31,9,-4.097356e+10,-1.485715e+03,-1.960806e+03,
32,9,-4.112685e+10,-1.485714e+03,-1.960819e+03,
33,9,-4.125424e+10,-1.485714e+03,-1.960831e+03,
34,9,-4.135882e+10,-1.485714e+03,-1.960842e+03,
35,9,-4.144383e+10,-1.485714e+03,-1.960852e+03,
36,9,-4.151240e+10,-1.485714e+03,-1.960862e+03,
37,9,-4.156741e+10,-1.485714e+03,-1.960871e+03,
38,9,-4.161135e+10,-1.485714e+03,-1.960880e+03,
39,9,-4.164635e+10,-1.485714e+03,-1.960888e+03,
0,10,-4.167413e+10,-1.485714e+03,-1.960897e+03,
1,10,-4.169610e+10,-1.485714e+03,-1.960906e+03,
2,10,-4.171339e+10,-1.485714e+03,-1.960915e+03,
3,10,-4.172688e+10,-1.485714e+03,-1.960925e+03,
4,10,-4.173724e+10,-1.485714e+03,-1.960935e+03,
5,10,-4.174498e+10,-1.485714e+03,-1.960947e+03,
6,10,-4.175048e+10,-1.485714e+03,-1.960960e+03,
7,10,-4.175401e+10,-1.485714e+03,-1.960974e+03,
8,10,-4.175573e+10,-1.485714e+03,-1.960991e+03,
9,10,-4.175573e+10,-1.485714e+03,-1.961010e+03,
10,10,-3.510711e+10,-1.485826e+03,-1.959024e+03,
11,10,-3.510711e+10,-1.485826e+03,-1.959213e+03,
12,10,-3.517583e+10,-1.485823e+03,-1.959395e+03,
13,10,-3.530979e+10,-1.485819e+03,-1.959566e+03,
14,10,-3.550269e+10,-1.485813e+03,-1.959724e+03,
15,10,-3.574652e+10,-1.485806e+03,-1.959869e+03,
16,10,-3.603259e+10,-1.485797e+03,-1.960000e+03,
17,10,-3.635239e+10,-1.485789e+03,-1.960116e+03,
18,10,-3.669807e+10,-1.485780e+03,-1.960219e+03,
19,10,-3.706265e+10,-1.485771e+03,-1.960309e+03,
20,10,-3.744000e+10,-1.485763e+03,-1.960387e+03,
21,10,-3.782470e+10,-1.485755e+03,-1.960456e+03,
22,10,-3.821178e+10,-1.485748e+03,-1.960515e+03,
23,10,-3.859655e+10,-1.485741e+03,-1.960566e+03,
24,10,-3.897438e+10,-1.485735e+03,-1.960610e+03,
25,10,-3.934050e+10,-1.485730e+03,-1.960648e+03,
26,10,-3.969002e+10,-1.485726e+03,-1.960681e+03,
27,10,-4.001797e+10,-1.485723e+03,-1.960709e+03,
28,10,-4.031961e+10,-1.485720e+03,-1.960734e+03,
29,10,-4.059088e+10,-1.485718e+03,-1.960755e+03,
30,10,-4.082892e+10,-1.485716e+03,-1.960774e+03,
31,10,-4.103255e+10,-1.485715e+03,-1.960791e+03,
32,10,-4.120243e+10,-1.485715e+03,-1.960806e+03,
33,10,-4.134091e+10,-1.485714e+03,-1.960819e+03,
34,10,-4.145147e+10,-1.485714e+03,-1.960831e+03,
35,10,-4.153820e+10,-1.485714e+03,-1.960842e+03,
36,10,-4.160523e+10,-1.485714e+03,-1.960852e+03,
37,10,-4.165643e+10,-1.485714e+03,-1.960862e+03,
38,10,-4.169517e+10,-1.485714e+03,-1.960871e+03,
39,10,-4.172424e+10,-1.485714e+03,-1.960879e+03,
0,11,-4.174594e+10,-1.485714e+03,-1.960888e+03,
1,11,-4.176205e+10,-1.485714e+03,-1.960897e+03,
2,11,-4.177394e+10,-1.485714e+03,-1.960905e+03,
3,11,-4.178269e+10,-1.485714e+03,-1.960915e+03,
4,11,-4.178906e+10,-1.485715e+03,-1.960925e+03,
5,11,-4.179366e+10,-1.485715e+03,-1.960935e+03,
6,11,-4.179691e+10,-1.485715e+03,-1.960947e+03,
7,11,-4.179911e+10,-1.485715e+03,-1.960960e+03,
8,11,-4.180047e+10,-1.485715e+03,-1.960975e+03,
9,11,-4.180112e+10,-1.485715e+03,-1.960992e+03,
10,11,-4.180112e+10,-1.485715e+03,-1.961011e+03,
11,11,-3.555758e+10,-1.485812e+03,-1.959207e+03,
12,11,-3.555758e+10,-1.485812e+03,-1.959370e+03,
13,11,-3.561801e+10,-1.485810e+03,-1.959527e+03,
14,11,-3.573645e+10,-1.485806e+03,-1.959677e+03,
15,11,-3.590850e+10,-1.485801e+03,-1.959816e+03,
16,11,-3.612835e+10,-1.485795e+03,-1.959944e+03,
17,11,-3.638946e+10,-1.485788e+03,-1.960060e+03,
18,11,-3.668520e+10,-1.485780e+03,-1.960164e+03,
19,11,-3.700913e+10,-1.485772e+03,-1.960258e+03,
20,11,-3.735531e+10,-1.485765e+03,-1.960340e+03,
21,11,-3.771821e+10,-1.485757e+03,-1.960412e+03,
22,11,-3.809275e+10,-1.485750e+03,-1.960476e+03,
23,11,-3.847401e+10,-1.485743e+03,-1.960531e+03,
24,11,-3.885710e+10,-1.485737e+03,-1.960579e+03,
25,11,-3.923687e+10,-1.485732e+03,-1.960620e+03,
26,11,-3.960778e+10,-1.485727e+03,-1.960656e+03,
27,11,-3.996375e+10,-1.485723e+03,-1.960688e+03,
28,11,-4.029831e+10,-1.485720e+03,-1.960714e+03,
29,11,-4.060491e+10,-1.485718e+03,-1.960738e+03,
30,11,-4.087769e+10,-1.485716e+03,-1.960758e+03,
31,11,-4.111233e+10,-1.485715e+03,-1.960777e+03,
32,11,-4.130702e+10,-1.485715e+03,-1.960793e+03,
33,11,-4.146272e+10,-1.485714e+03,-1.960807e+03,
34,11,-4.158289e+10,-1.485714e+03,-1.960820e+03,
35,11,-4.167254e+10,-1.485714e+03,-1.960832e+03,
36,11,-4.173726e+10,-1.485714e+03,-1.960843e+03,
37,11,-4.178247e+10,-1.485714e+03,-1.960853e+03,
38,11,-4.181293e+10,-1.485715e+03,-1.960862e+03,
39,11,-4.183257e+10,-1.485715e+03,-1.960871e+03,
0,12,-4.184452e+10,-1.485715e+03,-1.960880e+03,
1,12,-4.185113e+10,-1.485715e+03,-1.960888e+03,
2,12,-4.185418e+10,-1.485715e+03,-1.960896e+03,
3,12,-4.185494e+10,-1.485715e+03,-1.960905e+03,
4,12,-4.185434e+10,-1.485715e+03,-1.960914e+03,
5,12,-4.185302e+10,-1.485715e+03,-1.960924e+03,
6,12,-4.185143e+10,-1.485715e+03,-1.960934e+03,
7,12,-4.184988e+10,-1.485715e+03,-1.960946e+03,
8,12,-4.184857e+10,-1.485715e+03,-1.960959e+03,
9,12,-4.184764e+10,-1.485715e+03,-1.960974e+03,
10,12,-4.184715e+10,-1.485715e+03,-1.960990e+03,
11,12,-4.184715e+10,-1.485715e+03,-1.961009e+03,
12,12,-3.594763e+10,-1.485801e+03,-1.959393e+03,
13,12,-3.594763e+10,-1.485801e+03,-1.959534e+03,
14,12,-3.600216e+10,-1.485799e+03,-1.959670e+03,
15,12,-3.610952e+10,-1.485796e+03,-1.959798e+03,
16,12,-3.626652e+10,-1.485791e+03,-1.959919e+03,
17,12,-3.646890e+10,-1.485786e+03,-1.960031e+03,
18,12,-3.671173e+10,-1.485779e+03,-1.960133e+03,
19,12,-3.698981e+10,-1.485772e+03,-1.960225e+03,
20,12,-3.729797e+10,-1.485765e+03,-1.960308e+03,
21,12,-3.763122e+10,-1.485758e+03,-1.960382e+03,
22,12,-3.798479e+10,-1.485751e+03,-1.960447e+03,
23,12,-3.835407e+10,-1.485745e+03,-1.960505e+03,
24,12,-3.873442e+10,-1.485739e+03,-1.960555e+03,
25,12,-3.912095e+10,-1.485733e+03,-1.960599e+03,
26,12,-3.950823e+10,-1.485728e+03,-1.960637e+03,
27,12,-3.989000e+10,-1.485724e+03,-1.960670e+03,
28,12,-4.025891e+10,-1.485720e+03,-1.960699e+03,
29,12,-4.060661e+10,-1.485718e+03,-1.960724e+03,
30,12,-4.092405e+10,-1.485716e+03,-1.960746e+03,
31,12,-4.120262e+10,-1.485715e+03,-1.960765e+03,
32,12,-4.143572e+10,-1.485714e+03,-1.960782e+03,
33,12,-4.162047e+10,-1.485714e+03,-1.960797e+03,
34,12,-4.175854e+10,-1.485714e+03,-1.960810e+03,
35,12,-4.185538e+10,-1.485714e+03,-1.960823e+03,
36,12,-4.191853e+10,-1.485714e+03,-1.960834e+03,
37,12,-4.195584e+10,-1.485715e+03,-1.960845e+03,
38,12,-4.197446e+10,-1.485715e+03,-1.960854e+03,
39,12,-4.198024e+10,-1.485715e+03,-1.960863e+03,
0,13,-4.197769e+10,-1.485715e+03,-1.960872e+03,
1,13,-4.197012e+10,-1.485715e+03,-1.960880e+03,
2,13,-4.195989e+10,-1.485716e+03,-1.960888e+03,
3,13,-4.194859e+10,-1.485716e+03,-1.960896e+03,
4,13,-4.193730e+10,-1.485716e+03,-1.960905e+03,
5,13,-4.192671e+10,-1.485716e+03,-1.960913e+03,
6,13,-4.191725e+10,-1.485716e+03,-1.960923e+03,
7,13,-4.190917e+10,-1.485716e+03,-1.960933e+03,
8,13,-4.190262e+10,-1.485716e+03,-1.960944e+03,
9,13,-4.189767e+10,-1.485716e+03,-1.960956e+03,
10,13,-4.189435e+10,-1.485716e+03,-1.960970e+03,
11,13,-4.189270e+10,-1.485715e+03,-1.960986e+03,
12,13,-4.189270e+10,-1.485715e+03,-1.961005e+03,
13,13,-3.628315e+10,-1.485791e+03,-1.959584e+03,
14,13,-3.628315e+10,-1.485791e+03,-1.959704e+03,
15,13,-3.633349e+10,-1.485789e+03,-1.959819e+03,
16,13,-3.643293e+10,-1.485786e+03,-1.959929e+03,
17,13,-3.657916e+10,-1.485782e+03,-1.960032e+03,
18,13,-3.676901e+10,-1.485777e+03,-1.960128e+03,
19,13,-3.699874e+10,-1.485772e+03,-1.960216e+03,
20,13,-3.726434e+10,-1.485766e+03,-1.960296e+03,
21,13,-3.756171e+10,-1.485759e+03,-1.960368e+03,
22,13,-3.788681e+10,-1.485753e+03,-1.960433e+03,
23,13,-3.823567e+10,-1.485746e+03,-1.960490e+03,
24,13,-3.860432e+10,-1.485740e+03,-1.960541e+03,
25,13,-3.898865e+10,-1.485734e+03,-1.960586e+03,
26,13,-3.938406e+10,-1.485729e+03,-1.960625e+03,
27,13,-3.978511e+10,-1.485725e+03,-1.960659e+03,
28,13,-4.018506e+10,-1.485721e+03,-1.960689e+03,
29,13,-4.057530e+10,-1.485718e+03,-1.960715e+03,
30,13,-4.094514e+10,-1.485715e+03,-1.960737e+03,
31,13,-4.128205e+10,-1.485714e+03,-1.960757e+03,
32,13,-4.157303e+10,-1.485713e+03,-1.960774e+03,
33,13,-4.180745e+10,-1.485713e+03,-1.960789e+03,
34,13,-4.198060e+10,-1.485713e+03,-1.960803e+03,
35,13,-4.209558e+10,-1.485714e+03,-1.960816e+03,
36,13,-4.216158e+10,-1.485714e+03,-1.960828e+03,
37,13,-4.219034e+10,-1.485715e+03,-1.960838e+03,
38,13,-4.219313e+10,-1.485715e+03,-1.960848e+03,
39,13,-4.217930e+10,-1.485716e+03,-1.960857e+03,
0,14,-4.215588e+10,-1.485716e+03,-1.960865e+03,
1,14,-4.212781e+10,-1.485716e+03,-1.960873e+03,
2,14,-4.209839e+10,-1.485716e+03,-1.960881e+03,
3,14,-4.206970e+10,-1.485716e+03,-1.960889e+03,
4,14,-4.204299e+10,-1.485716e+03,-1.960896e+03,
5,14,-4.201897e+10,-1.485716e+03,-1.960904e+03,
6,14,-4.199796e+10,-1.485716e+03,-1.960912e+03,
7,14,-4.198009e+10,-1.485716e+03,-1.960921e+03,
8,14,-4.196538e+10,-1.485716e+03,-1.960930e+03,
9,14,-4.195375e+10,-1.485716e+03,-1.960940e+03,
10,14,-4.194512e+10,-1.485716e+03,-1.960952e+03,
11,14,-4.193942e+10,-1.485716e+03,-1.960965e+03,
12,14,-4.193659e+10,-1.485716e+03,-1.960980e+03,
13,14,-4.193659e+10,-1.485716e+03,-1.960997e+03,
14,14,-3.656834e+10,-1.485783e+03,-1.959779e+03,
15,14,-3.656834e+10,-1.485783e+03,-1.959879e+03,
16,14,-3.661572e+10,-1.485781e+03,-1.959975e+03,
17,14,-3.670956e+10,-1.485779e+03,-1.960066e+03,
18,14,-3.684819e+10,-1.485775e+03,-1.960152e+03,
19,14,-3.702922e+10,-1.485771e+03,-1.960233e+03,
20,14,-3.724988e+10,-1.485765e+03,-1.960307e+03,
21,14,-3.750709e+10,-1.485760e+03,-1.960375e+03,
22,14,-3.779773e+10,-1.485754e+03,-1.960436e+03,
23,14,-3.811865e+10,-1.485748e+03,-1.960492e+03,
24,14,-3.846675e+10,-1.485742e+03,-1.960541e+03,
25,14,-3.883891e+10,-1.485736e+03,-1.960585e+03,
26,14,-3.923179e+10,-1.485730e+03,-1.960623e+03,
27,14,-3.964151e+10,-1.485725e+03,-1.960657e+03,
28,14,-4.006311e+10,-1.485721e+03,-1.960687e+03,
29,14,-4.048982e+10,-1.485718e+03,-1.960712e+03,
30,14,-4.091208e+10,-1.485715e+03,-1.960735e+03,
31,14,-4.131662e+10,-1.485713e+03,-1.960754e+03,
32,14,-4.168598e+10,-1.485712e+03,-1.960771e+03,
33,14,-4.200001e+10,-1.485711e+03,-1.960786e+03,
34,14,-4.224047e+10,-1.485712e+03,-1.960800e+03,
35,14,-4.239890e+10,-1.485712e+03,-1.960812e+03,
36,14,-4.248158e+10,-1.485713e+03,-1.960823e+03,
37,14,-4.250504e+10,-1.485714e+03,-1.960834e+03,
38,14,-4.248812e+10,-1.485715e+03,-1.960843e+03,
39,14,-4.244704e+10,-1.485716e+03,-1.960852e+03,
0,15,-4.239372e+10,-1.485716e+03,-1.960860e+03,
1,15,-4.233616e+10,-1.485717e+03,-1.960868e+03,
2,15,-4.227929e+10,-1.485717e+03,-1.960875e+03,
3,15,-4.222593e+10,-1.485717e+03,-1.960882e+03,
4,15,-4.217754e+10,-1.485717e+03,-1.960889e+03,
5,15,-4.213472e+10,-1.485717e+03,-1.960896e+03,
6,15,-4.209761e+10,-1.485717e+03,-1.960903e+03,
7,15,-4.206606e+10,-1.485717e+03,-1.960910e+03,
8,15,-4.203979e+10,-1.485717e+03,-1.960918e+03,
9,15,-4.201850e+10,-1.485717e+03,-1.960926e+03,
10,15,-4.200187e+10,-1.485716e+03,-1.960936e+03,
11,15,-4.198965e+10,-1.485716e+03,-1.960946e+03,
12,15,-4.198162e+10,-1.485716e+03,-1.960958e+03,
13,15,-4.197765e+10,-1.485716e+03,-1.960971e+03,
14,15,-4.197765e+10,-1.485716e+03,-1.960987e+03,
15,15,-3.680615e+10,-1.485776e+03,-1.959977e+03,
16,15,-3.680615e+10,-1.485776e+03,-1.960058e+03,
17,15,-3.685146e+10,-1.485775e+03,-1.960136e+03,
18,15,-3.694143e+10,-1.485772e+03,-1.960210e+03,
19,15,-3.707479e+10,-1.485769e+03,-1.960279e+03,
20,15,-3.724982e+10,-1.485765e+03,-1.960345e+03,
21,15,-3.746445e+10,-1.485760e+03,-1.960405e+03,
22,15,-3.771643e+10,-1.485755e+03,-1.960461e+03,
23,15,-3.800347e+10,-1.485749e+03,-1.960511e+03,
24,15,-3.832330e+10,-1.485743e+03,-1.960557e+03,
25,15,-3.867377e+10,-1.485738e+03,-1.960597e+03,
26,15,-3.905278e+10,-1.485732e+03,-1.960633e+03,
27,15,-3.945810e+10,-1.485727e+03,-1.960666e+03,
28,15,-3.988708e+10,-1.485722e+03,-1.960694e+03,
29,15,-4.033599e+10,-1.485718e+03,-1.960718e+03,
30,15,-4.079901e+10,-1.485714e+03,-1.960740e+03,
31,15,-4.126661e+10,-1.485712e+03,-1.960758e+03,
32,15,-4.172327e+10,-1.485710e+03,-1.960774e+03,
33,15,-4.214526e+10,-1.485709e+03,-1.960788e+03,
34,15,-4.250054e+10,-1.485709e+03,-1.960801e+03,
35,15,-4.275551e+10,-1.485710e+03,-1.960812e+03,
36,15,-4.289294e+10,-1.485712e+03,-1.960823e+03,
37,15,-4.292680e+10,-1.485713e+03,-1.960833e+03,
38,15,-4.288886e+10,-1.485714e+03,-1.960842e+03,
39,15,-4.281008e+10,-1.485715e+03,-1.960850e+03,
0,16,-4.271317e+10,-1.485716e+03,-1.960858e+03,
1,16,-4.261239e+10,-1.485717e+03,-1.960865e+03,
2,16,-4.251576e+10,-1.485717e+03,-1.960872e+03,
3,16,-4.242727e+10,-1.485717e+03,-1.960878e+03,
4,16,-4.234851e+10,-1.485718e+03,-1.960884e+03,
5,16,-4.227980e+10,-1.485718e+03,-1.960890e+03,
6,16,-4.222075e+10,-1.485718e+03,-1.960896e+03,
7,16,-4.217070e+10,-1.485717e+03,-1.960902e+03,
8,16,-4.212887e+10,-1.485717e+03,-1.960908e+03,
9,16,-4.209451e+10,-1.485717e+03,-1.960915e+03,
10,16,-4.206695e+10,-1.485717e+03,-1.960922e+03,
11,16,-4.204560e+10,-1.485717e+03,-1.960930e+03,
12,16,-4.202999e+10,-1.485717e+03,-1.960939e+03,
13,16,-4.201977e+10,-1.485717e+03,-1.960949e+03,
14,16,-4.201472e+10,-1.485717e+03,-1.960961e+03,
15,16,-4.201472e+10,-1.485717e+03,-1.960974e+03,
16,16,-3.699865e+10,-1.485771e+03,-1.960178e+03,
17,16,-3.699865e+10,-1.485771e+03,-1.960240e+03,
18,16,-3.704256e+10,-1.485769e+03,-1.960300e+03,
19,16,-3.712989e+10,-1.485767e+03,-1.960357e+03,
20,16,-3.725973e+10,-1.485764e+03,-1.960411e+03,
21,16,-3.743082e+10,-1.485760e+03,-1.960462e+03,
22,16,-3.764168e+10,-1.485755e+03,-1.960509e+03,
23,16,-3.789072e+10,-1.485750e+03,-1.960552e+03,
24,16,-3.817640e+10,-1.485745e+03,-1.960591e+03,
25,16,-3.849730e+10,-1.485740e+03,-1.960627e+03,
26,16,-3.885226e+10,-1.485734e+03,-1.960659e+03,
27,16,-3.924033e+10,-1.485729e+03,-1.960687e+03,
28,16,-3.966075e+10,-1.485724e+03,-1.960712e+03,
29,16,-4.011271e+10,-1.485719e+03,-1.960734e+03,
30,16,-4.059476e+10,-1.485715e+03,-1.960754e+03,
31,16,-4.110365e+10,-1.485712e+03,-1.960770e+03,
32,16,-4.163207e+10,-1.485709e+03,-1.960785e+03,
33,16,-4.216457e+10,-1.485707e+03,-1.960797e+03,
34,16,-4.267124e+10,-1.485707e+03,-1.960808e+03,
35,16,-4.310139e+10,-1.485708e+03,-1.960818e+03,
36,16,-4.338811e+10,-1.485709e+03,-1.960827e+03,
37,16,-4.349053e+10,-1.485711e+03,-1.960835e+03,
38,16,-4.344383e+10,-1.485713e+03,-1.960844e+03,
39,16,-4.331353e+10,-1.485715e+03,-1.960851e+03,
0,17,-4.315017e+10,-1.485716e+03,-1.960858e+03,
1,17,-4.298316e+10,-1.485717e+03,-1.960865e+03,
2,17,-4.282691e+10,-1.485718e+03,-1.960871e+03,
3,17,-4.268723e+10,-1.485718e+03,-1.960876e+03,
4,17,-4.256549e+10,-1.485718e+03,-1.960881e+03,
5,17,-4.246104e+10,-1.485718e+03,-1.960886e+03,
6,17,-4.237238e+10,-1.485718e+03,-1.960891e+03,
7,17,-4.229778e+10,-1.485718e+03,-1.960896e+03,
8,17,-4.223556e+10,-1.485718e+03,-1.960901e+03,
9,17,-4.218421e+10,-1.485718e+03,-1.960906e+03,
10,17,-4.214245e+10,-1.485718e+03,-1.960911e+03,
11,17,-4.210919e+10,-1.485717e+03,-1.960917e+03,
12,17,-4.208357e+10,-1.485717e+03,-1.960923e+03,
13,17,-4.206492e+10,-1.485717e+03,-1.960931e+03,
14,17,-4.205276e+10,-1.485717e+03,-1.960939e+03,
15,17,-4.204675e+10,-1.485717e+03,-1.960948e+03,
16,17,-4.204675e+10,-1.485717e+03,-1.960959e+03,
17,17,-3.714725e+10,-1.485766e+03,-1.960381e+03,
18,17,-3.714725e+10,-1.485766e+03,-1.960426e+03,
19,17,-3.719023e+10,-1.485765e+03,-1.960468e+03,
20,17,-3.727584e+10,-1.485763e+03,-1.960509e+03,
21,17,-3.740341e+10,-1.485760e+03,-1.960547e+03,
22,17,-3.757206e+10,-1.485756e+03,-1.960583e+03,
23,17,-3.778072e+10,-1.485752e+03,-1.960616e+03,
24,17,-3.802837e+10,-1.485747e+03,-1.960647e+03,
25,17,-3.831410e+10,-1.485742e+03,-1.960675e+03,
26,17,-3.863727e+10,-1.485737e+03,-1.960701e+03,
27,17,-3.899764e+10,-1.485731e+03,-1.960724e+03,
28,17,-3.939552e+10,-1.485726e+03,-1.960744e+03,
29,17,-3.983187e+10,-1.485721e+03,-1.960762e+03,
30,17,-4.030825e+10,-1.485717e+03,-1.960778e+03,
31,17,-4.082668e+10,-1.485712e+03,-1.960792e+03,
32,17,-4.138875e+10,-1.485709e+03,-1.960804e+03,
33,17,-4.199347e+10,-1.485706e+03,-1.960814e+03,
34,17,-4.263169e+10,-1.485705e+03,-1.960823e+03,
35,17,-4.327376e+10,-1.485704e+03,-1.960830e+03,
36,17,-4.384566e+10,-1.485705e+03,-1.960837e+03,
37,17,-4.420500e+10,-1.485707e+03,-1.960843e+03,
38,17,-4.423726e+10,-1.485710e+03,-1.960850e+03,
39,17,-4.404448e+10,-1.485713e+03,-1.960856e+03,
0,18,-4.377126e+10,-1.485715e+03,-1.960862e+03,
1,18,-4.349390e+10,-1.485716e+03,-1.960868e+03,
2,18,-4.324239e+10,-1.485717e+03,-1.960873e+03,
3,18,-4.302486e+10,-1.485718e+03,-1.960877e+03,
4,18,-4.284074e+10,-1.485719e+03,-1.960881e+03,
5,18,-4.268644e+10,-1.485719e+03,-1.960885e+03,
6,18,-4.255779e+10,-1.485719e+03,-1.960889e+03,
7,18,-4.245091e+10,-1.485719e+03,-1.960892e+03,
8,18,-4.236243e+10,-1.485719e+03,-1.960896e+03,
9,18,-4.228955e+10,-1.485718e+03,-1.960900e+03,
10,18,-4.222997e+10,-1.485718e+03,-1.960903e+03,
11,18,-4.218187e+10,-1.485718e+03,-1.960907e+03,
12,18,-4.214378e+10,-1.485718e+03,-1.960911e+03,
13,18,-4.211458e+10,-1.485718e+03,-1.960916e+03,
14,18,-4.209338e+10,-1.485717e+03,-1.960922e+03,
15,18,-4.207958e+10,-1.485717e+03,-1.960928e+03,
16,18,-4.207278e+10,-1.485717e+03,-1.960935e+03,
17,18,-4.207278e+10,-1.485717e+03,-1.960943e+03,
18,18,-3.725286e+10,-1.485764e+03,-1.960586e+03,
19,18,-3.725286e+10,-1.485764e+03,-1.960613e+03,
20,18,-3.729527e+10,-1.485762e+03,-1.960638e+03,
21,18,-3.737983e+10,-1.485760e+03,-1.960663e+03,
22,18,-3.750604e+10,-1.485758e+03,-1.960686e+03,
23,18,-3.767326e+10,-1.485754e+03,-1.960707e+03,
24,18,-3.788077e+10,-1.485750e+03,-1.960727e+03,
25,18,-3.812795e+10,-1.485745e+03,-1.960745e+03,
26,18,-3.841437e+10,-1.485740e+03,-1.960762e+03,
27,18,-3.874002e+10,-1.485735e+03,-1.960778e+03,
28,18,-3.910550e+10,-1.485729e+03,-1.960791e+03,
29,18,-3.951226e+10,-1.485724e+03,-1.960804e+03,
30,18,-3.996294e+10,-1.485719e+03,-1.960815e+03,
31,18,-4.046175e+10,-1.485715e+03,-1.960824e+03,
32,18,-4.101496e+10,-1.485710e+03,-1.960833e+03,
33,18,-4.163122e+10,-1.485707e+03,-1.960840e+03,
34,18,-4.232135e+10,-1.485704e+03,-1.960846e+03,
35,18,-4.309497e+10,-1.485702e+03,-1.960851e+03,
36,18,-4.394643e+10,-1.485701e+03,-1.960855e+03,
37,18,-4.480251e+10,-1.485702e+03,-1.960859e+03,
38,18,-4.534896e+10,-1.485705e+03,-1.960862e+03,
39,18,-4.520903e+10,-1.485709e+03,-1.960866e+03,
0,19,-4.472555e+10,-1.485713e+03,-1.960871e+03,
1,19,-4.423311e+10,-1.485715e+03,-1.960875e+03,
2,19,-4.381181e+10,-1.485717e+03,-1.960878e+03,
3,19,-4.346762e+10,-1.485718e+03,-1.960882e+03,
4,19,-4.318943e+10,-1.485719e+03,-1.960885e+03,
5,19,-4.296442e+10,-1.485719e+03,-1.960887e+03,
6,19,-4.278172e+10,-1.485719e+03,-1.960889e+03,
7,19,-4.263278e+10,-1.485719e+03,-1.960892e+03,
8,19,-4.251104e+10,-1.485719e+03,-1.960894e+03,
9,19,-4.241148e+10,-1.485719e+03,-1.960896e+03,
10,19,-4.233021e+10,-1.485719e+03,-1.960898e+03,
11,19,-4.226426e+10,-1.485718e+03,-1.960901e+03,
12,19,-4.221128e+10,-1.485718e+03,-1.960903e+03,
13,19,-4.216951e+10,-1.485718e+03,-1.960906e+03,
14,19,-4.213757e+10,-1.485718e+03,-1.960909e+03,
15,19,-4.211444e+10,-1.485718e+03,-1.960912e+03,
16,19,-4.209941e+10,-1.485717e+03,-1.960916e+03,
17,19,-4.209201e+10,-1.485717e+03,-1.960920e+03,
18,19,-4.209201e+10,-1.485717e+03,-1.960925e+03,
19,19,-3.731606e+10,-1.485762e+03,-1.960792e+03,
20,19,-3.731606e+10,-1.485762e+03,-1.960801e+03,
21,19,-3.735817e+10,-1.485761e+03,-1.960810e+03,
22,19,-3.744216e+10,-1.485759e+03,-1.960818e+03,
23,19,-3.756766e+10,-1.485756e+03,-1.960825e+03,
24,19,-3.773417e+10,-1.485752e+03,-1.960833e+03,
25,19,-3.794117e+10,-1.485748e+03,-1.960839e+03,
26,19,-3.818828e+10,-1.485744e+03,-1.960845e+03,
27,19,-3.847541e+10,-1.485739e+03,-1.960851e+03,
28,19,-3.880295e+10,-1.485733e+03,-1.960856e+03,
29,19,-3.917208e+10,-1.485728e+03,-1.960861e+03,
30,19,-3.958508e+10,-1.485723e+03,-1.960865e+03,
31,19,-4.004588e+10,-1.485718e+03,-1.960869e+03,
32,19,-4.056087e+10,-1.485713e+03,-1.960872e+03,
33,19,-4.114017e+10,-1.485709e+03,-1.960875e+03,
34,19,-4.179982e+10,-1.485705e+03,-1.960877e+03,
35,19,-4.256573e+10,-1.485702e+03,-1.960879e+03,
36,19,-4.348040e+10,-1.485700e+03,-1.960881e+03,
37,19,-4.461352e+10,-1.485698e+03,-1.960882e+03,
38,19,-4.604079e+10,-1.485699e+03,-1.960883e+03,
39,19,-4.710312e+10,-1.485702e+03,-1.960884e+03,
0,20,-4.649239e+10,-1.485708e+03,-1.960885e+03,
1,20,-4.541424e+10,-1.485712e+03,-1.960887e+03,
2,20,-4.462385e+10,-1.485715e+03,-1.960889e+03,
3,20,-4.405259e+10,-1.485717e+03,-1.960890e+03,
4,20,-4.362686e+10,-1.485718e+03,-1.960891e+03,
5,20,-4.330082e+10,-1.485719e+03,-1.960892e+03,
6,20,-4.304581e+10,-1.485719e+03,-1.960893e+03,
7,20,-4.284325e+10,-1.485719e+03,-1.960894e+03,
8,20,-4.268057e+10,-1.485719e+03,-1.960895e+03,
9,20,-4.254901e+10,-1.485719e+03,-1.960895e+03,
10,20,-4.244224e+10,-1.485719e+03,-1.960896e+03,
11,20,-4.235559e+10,-1.485719e+03,-1.960897e+03,
12,20,-4.228556e+10,-1.485719e+03,-1.960898e+03,
13,20,-4.222951e+10,-1.485718e+03,-1.960899e+03,
14,20,-4.218541e+10,-1.485718e+03,-1.960900e+03,
15,20,-4.215176e+10,-1.485718e+03,-1.960901e+03,
16,20,-4.212742e+10,-1.485718e+03,-1.960902e+03,
17,20,-4.211161e+10,-1.485718e+03,-1.960903e+03,
18,20,-4.210384e+10,-1.485718e+03,-1.960904e+03,
19,20,-4.210384e+10,-1.485718e+03,-1.960906e+03,
20,20,-3.733716e+10,-1.485761e+03,-1.960999e+03,
21,20,-3.733716e+10,-1.485761e+03,-1.960990e+03,
22,20,-3.737917e+10,-1.485760e+03,-1.960981e+03,
23,20,-3.746299e+10,-1.485758e+03,-1.960973e+03,
24,20,-3.758828e+10,-1.485755e+03,-1.960966e+03,
25,20,-3.775458e+10,-1.485752e+03,-1.960959e+03,
26,20,-3.796145e+10,-1.485748e+03,-1.960952e+03,
27,20,-3.820859e+10,-1.485743e+03,-1.960946e+03,
28,20,-3.849603e+10,-1.485738e+03,-1.960940e+03,
29,20,-3.882430e+10,-1.485733e+03,-1.960935e+03,
30,20,-3.919479e+10,-1.485728e+03,-1.960931e+03,
31,20,-3.961009e+10,-1.485723e+03,-1.960927e+03,
32,20,-4.007463e+10,-1.485718e+03,-1.960923e+03,
33,20,-4.059569e+10,-1.485713e+03,-1.960920e+03,
34,20,-4.118502e+10,-1.485708e+03,-1.960917e+03,
35,20,-4.186218e+10,-1.485705e+03,-1.960915e+03,
36,20,-4.266134e+10,-1.485701e+03,-1.960913e+03,
37,20,-4.364740e+10,-1.485699e+03,-1.960911e+03,
38,20,-4.495998e+10,-1.485697e+03,-1.960910e+03,
39,20,-4.688181e+10,-1.485697e+03,-1.960909e+03,
0,21,-4.846981e+10,-1.485699e+03,-1.960908e+03,
1,21,-4.737901e+10,-1.485706e+03,-1.960906e+03,
2,21,-4.577853e+10,-1.485712e+03,-1.960905e+03,
3,21,-4.479551e+10,-1.485715e+03,-1.960903e+03,
4,21,-4.414792e+10,-1.485717e+03,-1.960902e+03,
5,21,-4.368645e+10,-1.485718e+03,-1.960901e+03,
6,21,-4.334123e+10,-1.485719e+03,-1.960900e+03,
7,21,-4.307482e+10,-1.485719e+03,-1.960899e+03,
8,21,-4.286494e+10,-1.485719e+03,-1.960898e+03,
9,21,-4.269731e+10,-1.485719e+03,-1.960898e+03,
10,21,-4.256225e+10,-1.485719e+03,-1.960897e+03,
11,21,-4.245293e+10,-1.485719e+03,-1.960896e+03,
12,21,-4.236440e+10,-1.485719e+03,-1.960896e+03,
13,21,-4.229295e+10,-1.485719e+03,-1.960895e+03,
14,21,-4.223582e+10,-1.485718e+03,-1.960894e+03,
15,21,-4.219092e+10,-1.485718e+03,-1.960893e+03,
16,21,-4.215667e+10,-1.485718e+03,-1.960892e+03,
17,21,-4.213192e+10,-1.485718e+03,-1.960891e+03,
18,21,-4.211585e+10,-1.485718e+03,-1.960890e+03,
19,21,-4.210794e+10,-1.485718e+03,-1.960889e+03,
20,21,-4.210794e+10,-1.485718e+03,-1.960887e+03,
21,21,-3.731624e+10,-1.485762e+03,-1.961205e+03,
22,21,-3.731624e+10,-1.485762e+03,-1.961178e+03,
23,21,-3.735835e+10,-1.485761e+03,-1.961153e+03,
24,21,-3.744236e+10,-1.485759e+03,-1.961129e+03,
25,21,-3.756789e+10,-1.485756e+03,-1.961106e+03,
26,21,-3.773442e+10,-1.485752e+03,-1.961084e+03,
27,21,-3.794145e+10,-1.485748e+03,-1.961064e+03,
28,21,-3.818861e+10,-1.485744e+03,-1.961046e+03,
29,21,-3.847581e+10,-1.485739e+03,-1.961029e+03,
30,21,-3.880344e+10,-1.485733e+03,-1.961014e+03,
31,21,-3.917269e+10,-1.485728e+03,-1.961000e+03,
32,21,-3.958585e+10,-1.485723e+03,-1.960988e+03,
33,21,-4.004688e+10,-1.485718e+03,-1.960977e+03,
34,21,-4.056221e+10,-1.485713e+03,-1.960967e+03,
35,21,-4.114203e+10,-1.485709e+03,-1.960959e+03,
36,21,-4.180256e+10,-1.485705e+03,-1.960952e+03,
37,21,-4.257003e+10,-1.485702e+03,-1.960946e+03,
38,21,-4.348788e+10,-1.485700e+03,-1.960941e+03,
39,21,-4.462832e+10,-1.485698e+03,-1.960937e+03,
0,22,-4.607389e+10,-1.485699e+03,-1.960933e+03,
1,22,-4.715483e+10,-1.485702e+03,-1.960930e+03,
2,22,-4.652720e+10,-1.485707e+03,-1.960926e+03,
3,22,-4.542988e+10,-1.485712e+03,-1.960921e+03,
4,22,-4.463172e+10,-1.485715e+03,-1.960917e+03,
5,22,-4.405715e+10,-1.485717e+03,-1.960914e+03,
6,22,-4.362977e+10,-1.485718e+03,-1.960911e+03,
7,22,-4.330284e+10,-1.485719e+03,-1.960908e+03,
8,22,-4.304729e+10,-1.485719e+03,-1.960905e+03,
9,22,-4.284438e+10,-1.485719e+03,-1.960903e+03,
10,22,-4.268147e+10,-1.485719e+03,-1.960901e+03,
11,22,-4.254974e+10,-1.485719e+03,-1.960899e+03,
12,22,-4.244285e+10,-1.485719e+03,-1.960896e+03,
13,22,-4.235611e+10,-1.485719e+03,-1.960894e+03,
14,22,-4.228601e+10,-1.485719e+03,-1.960892e+03,
15,22,-4.222991e+10,-1.485718e+03,-1.960890e+03,
16,22,-4.218577e+10,-1.485718e+03,-1.960887e+03,
17,22,-4.215209e+10,-1.485718e+03,-1.960884e+03,
18,22,-4.212774e+10,-1.485718e+03,-1.960881e+03,
19,22,-4.211192e+10,-1.485718e+03,-1.960877e+03,
20,22,-4.210414e+10,-1.485718e+03,-1.960873e+03,
21,22,-4.210414e+10,-1.485718e+03,-1.960868e+03,
22,22,-3.725322e+10,-1.485764e+03,-1.961410e+03,
23,22,-3.725322e+10,-1.485764e+03,-1.961365e+03,
24,22,-3.729564e+10,-1.485762e+03,-1.961323e+03,
25,22,-3.738023e+10,-1.485760e+03,-1.961282e+03,
26,22,-3.750647e+10,-1.485757e+03,-1.961244e+03,
27,22,-3.767375e+10,-1.485754e+03,-1.961208e+03,
28,22,-3.788133e+10,-1.485750e+03,-1.961175e+03,
29,22,-3.812860e+10,-1.485745e+03,-1.961144e+03,
30,22,-3.841515e+10,-1.485740e+03,-1.961116e+03,
31,22,-3.874097e+10,-1.485735e+03,-1.961091e+03,
32,22,-3.910667e+10,-1.485729e+03,-1.961068e+03,
33,22,-3.951374e+10,-1.485724e+03,-1.961047e+03,
34,22,-3.996484e+10,-1.485719e+03,-1.961029e+03,
35,22,-4.046425e+10,-1.485715e+03,-1.961014e+03,
36,22,-4.101835e+10,-1.485710e+03,-1.961000e+03,
37,22,-4.163599e+10,-1.485707e+03,-1.960988e+03,
38,22,-4.232835e+10,-1.485704e+03,-1.960978e+03,
39,22,-4.310576e+10,-1.485702e+03,-1.960969e+03,
0,23,-4.396372e+10,-1.485701e+03,-1.960961e+03,
1,23,-4.483015e+10,-1.485702e+03,-1.960955e+03,
2,23,-4.538445e+10,-1.485705e+03,-1.960949e+03,
3,23,-4.523747e+10,-1.485709e+03,-1.960942e+03,
4,23,-4.474347e+10,-1.485713e+03,-1.960936e+03,
5,23,-4.424432e+10,-1.485715e+03,-1.960930e+03,
6,23,-4.381910e+10,-1.485717e+03,-1.960924e+03,
7,23,-4.347261e+10,-1.485718e+03,-1.960919e+03,
8,23,-4.319300e+10,-1.485719e+03,-1.960915e+03,
9,23,-4.296708e+10,-1.485719e+03,-1.960911e+03,
10,23,-4.278376e+10,-1.485719e+03,-1.960907e+03,
11,23,-4.263440e+10,-1.485719e+03,-1.960903e+03,
12,23,-4.251236e+10,-1.485719e+03,-1.960900e+03,
13,23,-4.241256e+10,-1.485719e+03,-1.960896e+03,
14,23,-4.233113e+10,-1.485719e+03,-1.960893e+03,
15,23,-4.226504e+10,-1.485718e+03,-1.960889e+03,
16,23,-4.221197e+10,-1.485718e+03,-1.960885e+03,
17,23,-4.217013e+10,-1.485718e+03,-1.960881e+03,
18,23,-4.213813e+10,-1.485718e+03,-1.960876e+03,
19,23,-4.211497e+10,-1.485718e+03,-1.960871e+03,
20,23,-4.209991e+10,-1.485717e+03,-1.960865e+03,
21,23,-4.209249e+10,-1.485717e+03,-1.960858e+03,
22,23,-4.209249e+10,-1.485717e+03,-1.960850e+03,
23,23,-3.714777e+10,-1.485766e+03,-1.961613e+03,
24,23,-3.714777e+10,-1.485766e+03,-1.961551e+03,
25,23,-3.719077e+10,-1.485765e+03,-1.961491e+03,
26,23,-3.727642e+10,-1.485763e+03,-1.961434e+03,
27,23,-3.740405e+10,-1.485760e+03,-1.961380e+03,
28,23,-3.757276e+10,-1.485756e+03,-1.961329e+03,
29,23,-3.778153e+10,-1.485752e+03,-1.961282e+03,
30,23,-3.802932e+10,-1.485747e+03,-1.961239e+03,
31,23,-3.831522e+10,-1.485742e+03,-1.961200e+03,
32,23,-3.863862e+10,-1.485737e+03,-1.961165e+03,
33,23,-3.899929e+10,-1.485731e+03,-1.961133e+03,
34,23,-3.939758e+10,-1.485726e+03,-1.961104e+03,
35,23,-3.983447e+10,-1.485721e+03,-1.961079e+03,
36,23,-4.031162e+10,-1.485717e+03,-1.961057e+03,
37,23,-4.083111e+10,-1.485712e+03,-1.961038e+03,
38,23,-4.139471e+10,-1.485709e+03,-1.961021e+03,
39,23,-4.200164e+10,-1.485706e+03,-1.961007e+03,
0,24,-4.264308e+10,-1.485704e+03,-1.960995e+03,
1,24,-4.328955e+10,-1.485704e+03,-1.960984e+03,
2,24,-4.386655e+10,-1.485705e+03,-1.960974e+03,
3,24,-4.422880e+10,-1.485707e+03,-1.960965e+03,
4,24,-4.425848e+10,-1.485710e+03,-1.960957e+03,
5,24,-4.406065e+10,-1.485713e+03,-1.960948e+03,
6,24,-4.378296e+10,-1.485715e+03,-1.960941e+03,
7,24,-4.350233e+10,-1.485716e+03,-1.960934e+03,
8,24,-4.324855e+10,-1.485717e+03,-1.960927e+03,
9,24,-4.302947e+10,-1.485718e+03,-1.960921e+03,
10,24,-4.284426e+10,-1.485719e+03,-1.960916e+03,
11,24,-4.268919e+10,-1.485719e+03,-1.960911e+03,
12,24,-4.255999e+10,-1.485719e+03,-1.960906e+03,
13,24,-4.245270e+10,-1.485719e+03,-1.960901e+03,
14,24,-4.236391e+10,-1.485719e+03,-1.960896e+03,
15,24,-4.229079e+10,-1.485718e+03,-1.960892e+03,
16,24,-4.223104e+10,-1.485718e+03,-1.960887e+03,
17,24,-4.218280e+10,-1.485718e+03,-1.960881e+03,
18,24,-4.214462e+10,-1.485718e+03,-1.960876e+03,
19,24,-4.211533e+10,-1.485718e+03,-1.960869e+03,
20,24,-4.209408e+10,-1.485717e+03,-1.960862e+03,
21,24,-4.208025e+10,-1.485717e+03,-1.960854e+03,
22,24,-4.207343e+10,-1.485717e+03,-1.960845e+03,
23,24,-4.207343e+10,-1.485717e+03,-1.960834e+03,
24,24,-3.699933e+10,-1.485771e+03,-1.961814e+03,
25,24,-3.699933e+10,-1.485771e+03,-1.961733e+03,
26,24,-3.704326e+10,-1.485769e+03,-1.961656e+03,
27,24,-3.713063e+10,-1.485767e+03,-1.961582e+03,
28,24,-3.726054e+10,-1.485764e+03,-1.961512e+03,
29,24,-3.743172e+10,-1.485760e+03,-1.961447e+03,
30,24,-3.764270e+10,-1.485755e+03,-1.961386e+03,
31,24,-3.789191e+10,-1.485750e+03,-1.961331e+03,
32,24,-3.817780e+10,-1.485745e+03,-1.961280e+03,
33,24,-3.849898e+10,-1.485740e+03,-1.961235e+03,
34,24,-3.885430e+10,-1.485734e+03,-1.961194e+03,
35,24,-3.924283e+10,-1.485729e+03,-1.961158e+03,
36,24,-3.966386e+10,-1.485724e+03,-1.961126e+03,
37,24,-4.011663e+10,-1.485719e+03,-1.961098e+03,
38,24,-4.059976e+10,-1.485715e+03,-1.961073e+03,
39,24,-4.111009e+10,-1.485712e+03,-1.961052e+03,
0,25,-4.164042e+10,-1.485709e+03,-1.961034e+03,
1,25,-4.217535e+10,-1.485707e+03,-1.961018e+03,
2,25,-4.268487e+10,-1.485707e+03,-1.961004e+03,
3,25,-4.311770e+10,-1.485707e+03,-1.960991e+03,
4,25,-4.340571e+10,-1.485709e+03,-1.960980e+03,
5,25,-4.350701e+10,-1.485711e+03,-1.960969e+03,
6,25,-4.345769e+10,-1.485713e+03,-1.960959e+03,
7,25,-4.332454e+10,-1.485715e+03,-1.960950e+03,
8,25,-4.315872e+10,-1.485716e+03,-1.960942e+03,
9,25,-4.298979e+10,-1.485717e+03,-1.960934e+03,
10,25,-4.283207e+10,-1.485718e+03,-1.960927e+03,
11,25,-4.269129e+10,-1.485718e+03,-1.960920e+03,
12,25,-4.256874e+10,-1.485718e+03,-1.960914e+03,
13,25,-4.246368e+10,-1.485718e+03,-1.960908e+03,
14,25,-4.237455e+10,-1.485718e+03,-1.960902e+03,
15,25,-4.229958e+10,-1.485718e+03,-1.960896e+03,
16,25,-4.223708e+10,-1.485718e+03,-1.960891e+03,
17,25,-4.218552e+10,-1.485718e+03,-1.960884e+03,
18,25,-4.214359e+10,-1.485718e+03,-1.960878e+03,
19,25,-4.211021e+10,-1.485717e+03,-1.960871e+03,
20,25,-4.208449e+10,-1.485717e+03,-1.960863e+03,
21,25,-4.206578e+10,-1.485717e+03,-1.960854e+03,
22,25,-4.205357e+10,-1.485717e+03,-1.960844e+03,
23,25,-4.204755e+10,-1.485717e+03,-1.960832e+03,
24,25,-4.204755e+10,-1.485717e+03,-1.960819e+03,
25,25,-3.680696e+10,-1.485776e+03,-1.962012e+03,
26,25,-3.680696e+10,-1.485776e+03,-1.961912e+03,
27,25,-3.685229e+10,-1.485775e+03,-1.961816e+03,
28,25,-3.694231e+10,-1.485772e+03,-1.961725e+03,
29,25,-3.707575e+10,-1.485769e+03,-1.961639e+03,
30,25,-3.725088e+10,-1.485765e+03,-1.961558e+03,
31,25,-3.746566e+10,-1.485760e+03,-1.961484e+03,
32,25,-3.771782e+10,-1.485755e+03,-1.961417e+03,
33,25,-3.800509e+10,-1.485749e+03,-1.961355e+03,
34,25,-3.832522e+10,-1.485743e+03,-1.961300e+03,
35,25,-3.867608e+10,-1.485738e+03,-1.961251e+03,
36,25,-3.905557e+10,-1.485732e+03,-1.961207e+03,
37,25,-3.946152e+10,-1.485727e+03,-1.961168e+03,
38,25,-3.989128e+10,-1.485722e+03,-1.961135e+03,
39,25,-4.034120e+10,-1.485718e+03,-1.961105e+03,
0,26,-4.080548e+10,-1.485714e+03,-1.961079e+03,
1,26,-4.127461e+10,-1.485712e+03,-1.961057e+03,
2,26,-4.173303e+10,-1.485710e+03,-1.961038e+03,
3,26,-4.215687e+10,-1.485709e+03,-1.961021e+03,
4,26,-4.251368e+10,-1.485709e+03,-1.961006e+03,
5,26,-4.276931e+10,-1.485710e+03,-1.960992e+03,
6,26,-4.290617e+10,-1.485712e+03,-1.960980e+03,
7,26,-4.293856e+10,-1.485713e+03,-1.960969e+03,
8,26,-4.289880e+10,-1.485714e+03,-1.960958e+03,
9,26,-4.281824e+10,-1.485715e+03,-1.960949e+03,
10,26,-4.271978e+10,-1.485716e+03,-1.960940e+03,
11,26,-4.261774e+10,-1.485717e+03,-1.960932e+03,
12,26,-4.252010e+10,-1.485717e+03,-1.960924e+03,
13,26,-4.243081e+10,-1.485717e+03,-1.960917e+03,
14,26,-4.235143e+10,-1.485718e+03,-1.960910e+03,
15,26,-4.228223e+10,-1.485718e+03,-1.960903e+03,
16,26,-4.222279e+10,-1.485718e+03,-1.960896e+03,
17,26,-4.217244e+10,-1.485717e+03,-1.960890e+03,
18,26,-4.213037e+10,-1.485717e+03,-1.960882e+03,
19,26,-4.209583e+10,-1.485717e+03,-1.960875e+03,
20,26,-4.206812e+10,-1.485717e+03,-1.960866e+03,
21,26,-4.204666e+10,-1.485717e+03,-1.960857e+03,
22,26,-4.203097e+10,-1.485717e+03,-1.960847e+03,
23,26,-4.202071e+10,-1.485717e+03,-1.960835e+03,
24,26,-4.201564e+10,-1.485717e+03,-1.960822e+03,
25,26,-4.201564e+10,-1.485717e+03,-1.960806e+03,
26,26,-3.656925e+10,-1.485783e+03,-1.962207e+03,
27,26,-3.656925e+10,-1.485783e+03,-1.962087e+03,
28,26,-3.661665e+10,-1.485781e+03,-1.961972e+03,
29,26,-3.671056e+10,-1.485779e+03,-1.961863e+03,
30,26,-3.684926e+10,-1.485775e+03,-1.961760e+03,
31,26,-3.703041e+10,-1.485771e+03,-1.961664e+03,
32,26,-3.725122e+10,-1.485765e+03,-1.961576e+03,
33,26,-3.750863e+10,-1.485760e+03,-1.961496e+03,
34,26,-3.779951e+10,-1.485754e+03,-1.961423e+03,
35,26,-3.812074e+10,-1.485748e+03,-1.961359e+03,
36,26,-3.846923e+10,-1.485742e+03,-1.961301e+03,
37,26,-3.884187e+10,-1.485736e+03,-1.961250e+03,
38,26,-3.923535e+10,-1.485730e+03,-1.961205e+03,
39,26,-3.964579e+10,-1.485725e+03,-1.961166e+03,
0,27,-4.006827e+10,-1.485721e+03,-1.961132e+03,
1,27,-4.049603e+10,-1.485718e+03,-1.961103e+03,
2,27,-4.091949e+10,-1.485715e+03,-1.961077e+03,
3,27,-4.132530e+10,-1.485713e+03,-1.961055e+03,
4,27,-4.169589e+10,-1.485712e+03,-1.961035e+03,
5,27,-4.201085e+10,-1.485711e+03,-1.961018e+03,
6,27,-4.225169e+10,-1.485712e+03,-1.961002e+03,
7,27,-4.240979e+10,-1.485712e+03,-1.960989e+03,
8,27,-4.249158e+10,-1.485713e+03,-1.960976e+03,
9,27,-4.251384e+10,-1.485714e+03,-1.960965e+03,
10,27,-4.249566e+10,-1.485715e+03,-1.960954e+03,
11,27,-4.245337e+10,-1.485716e+03,-1.960944e+03,
12,27,-4.239901e+10,-1.485716e+03,-1.960935e+03,
13,27,-4.234056e+10,-1.485717e+03,-1.960927e+03,
14,27,-4.228297e+10,-1.485717e+03,-1.960919e+03,
15,27,-4.222901e+10,-1.485717e+03,-1.960911e+03,
16,27,-4.218013e+10,-1.485717e+03,-1.960904e+03,
17,27,-4.213692e+10,-1.485717e+03,-1.960896e+03,
18,27,-4.209950e+10,-1.485717e+03,-1.960889e+03,
19,27,-4.206770e+10,-1.485717e+03,-1.960881e+03,
20,27,-4.204123e+10,-1.485717e+03,-1.960872e+03,
21,27,-4.201979e+10,-1.485717e+03,-1.960863e+03,
22,27,-4.200305e+10,-1.485717e+03,-1.960853e+03,
23,27,-4.199074e+10,-1.485716e+03,-1.960841e+03,
24,27,-4.198266e+10,-1.485716e+03,-1.960828e+03,
25,27,-4.197865e+10,-1.485716e+03,-1.960813e+03,
26,27,-4.197865e+10,-1.485716e+03,-1.960796e+03,
27,27,-3.628415e+10,-1.485791e+03,-1.962398e+03,
28,27,-3.628415e+10,-1.485791e+03,-1.962257e+03,
29,27,-3.633451e+10,-1.485789e+03,-1.962122e+03,
30,27,-3.643401e+10,-1.485786e+03,-1.961993e+03,
31,27,-3.658032e+10,-1.485782e+03,-1.961872e+03,
32,27,-3.677028e+10,-1.485777e+03,-1.961761e+03,
33,27,-3.700017e+10,-1.485772e+03,-1.961659e+03,
34,27,-3.726597e+10,-1.485766e+03,-1.961566e+03,
35,27,-3.756359e+10,-1.485759e+03,-1.961483e+03,
36,27,-3.788900e+10,-1.485753e+03,-1.961410e+03,
37,27,-3.823823e+10,-1.485746e+03,-1.961344e+03,
38,27,-3.860734e+10,-1.485740e+03,-1.961287e+03,
39,27,-3.899220e+10,-1.485734e+03,-1.961236e+03,
0,28,-3.938825e+10,-1.485729e+03,-1.961193e+03,
1,28,-3.979006e+10,-1.485724e+03,-1.961155e+03,
2,28,-4.019086e+10,-1.485721e+03,-1.961121e+03,
3,28,-4.058203e+10,-1.485718e+03,-1.961093e+03,
4,28,-4.095280e+10,-1.485715e+03,-1.961068e+03,
5,28,-4.129055e+10,-1.485714e+03,-1.961046e+03,
6,28,-4.158213e+10,-1.485713e+03,-1.961027e+03,
7,28,-4.181679e+10,-1.485713e+03,-1.961010e+03,
8,28,-4.198973e+10,-1.485713e+03,-1.960995e+03,
9,28,-4.210414e+10,-1.485714e+03,-1.960982e+03,
10,28,-4.216933e+10,-1.485714e+03,-1.960969e+03,
11,28,-4.219717e+10,-1.485715e+03,-1.960958e+03,
12,28,-4.219904e+10,-1.485715e+03,-1.960948e+03,
13,28,-4.218436e+10,-1.485716e+03,-1.960938e+03,
14,28,-4.216019e+10,-1.485716e+03,-1.960929e+03,
15,28,-4.213147e+10,-1.485716e+03,-1.960921e+03,
16,28,-4.210151e+10,-1.485716e+03,-1.960912e+03,
17,28,-4.207236e+10,-1.485716e+03,-1.960904e+03,
18,28,-4.204528e+10,-1.485716e+03,-1.960896e+03,
19,28,-4.202094e+10,-1.485716e+03,-1.960888e+03,
20,28,-4.199968e+10,-1.485716e+03,-1.960879e+03,
21,28,-4.198162e+10,-1.485716e+03,-1.960870e+03,
22,28,-4.196675e+10,-1.485716e+03,-1.960860e+03,
23,28,-4.195500e+10,-1.485716e+03,-1.960849e+03,
24,28,-4.194629e+10,-1.485716e+03,-1.960837e+03,
25,28,-4.194053e+10,-1.485716e+03,-1.960823e+03,
26,28,-4.193767e+10,-1.485716e+03,-1.960807e+03,
27,28,-4.193767e+10,-1.485716e+03,-1.960788e+03,
28,28,-3.594868e+10,-1.485801e+03,-1.962585e+03,
29,28,-3.594868e+10,-1.485801e+03,-1.962421e+03,
30,28,-3.600323e+10,-1.485799e+03,-1.962264e+03,
31,28,-3.611064e+10,-1.485796e+03,-1.962115e+03,
32,28,-3.626773e+10,-1.485791e+03,-1.961976e+03,
33,28,-3.647023e+10,-1.485786e+03,-1.961848e+03,
34,28,-3.671321e+10,-1.485779e+03,-1.961732e+03,
35,28,-3.699148e+10,-1.485772e+03,-1.961627e+03,
36,28,-3.729988e+10,-1.485765e+03,-1.961534e+03,
37,28,-3.763343e+10,-1.485758e+03,-1.961451e+03,
38,28,-3.798735e+10,-1.485751e+03,-1.961379e+03,
39,28,-3.835704e+10,-1.485745e+03,-1.961316e+03,
0,29,-3.873788e+10,-1.485739e+03,-1.961260e+03,
1,29,-3.912497e+10,-1.485733e+03,-1.961213e+03,
2,29,-3.951288e+10,-1.485728e+03,-1.961171e+03,
3,29,-3.989532e+10,-1.485724e+03,-1.961135e+03,
4,29,-4.026495e+10,-1.485720e+03,-1.961104e+03,
5,29,-4.061333e+10,-1.485718e+03,-1.961077e+03,
6,29,-4.093136e+10,-1.485716e+03,-1.961054e+03,
7,29,-4.121035e+10,-1.485715e+03,-1.961033e+03,
8,29,-4.144360e+10,-1.485714e+03,-1.961015e+03,
9,29,-4.162822e+10,-1.485714e+03,-1.960999e+03,
10,29,-4.176590e+10,-1.485714e+03,-1.960985e+03,
11,29,-4.186218e+10,-1.485714e+03,-1.960972e+03,
12,29,-4.192464e+10,-1.485714e+03,-1.960960e+03,
13,29,-4.196126e+10,-1.485715e+03,-1.960950e+03,
14,29,-4.197920e+10,-1.485715e+03,-1.960940e+03,
15,29,-4.198435e+10,-1.485715e+03,-1.960930e+03,
16,29,-4.198124e+10,-1.485715e+03,-1.960922e+03,
17,29,-4.197319e+10,-1.485716e+03,-1.960913e+03,
18,29,-4.196253e+10,-1.485716e+03,-1.960905e+03,
19,29,-4.195089e+10,-1.485716e+03,-1.960896e+03,
20,29,-4.193931e+10,-1.485716e+03,-1.960887e+03,
21,29,-4.192848e+10,-1.485716e+03,-1.960878e+03,
22,29,-4.191882e+10,-1.485716e+03,-1.960869e+03,
23,29,-4.191058e+10,-1.485716e+03,-1.960858e+03,
24,29,-4.190391e+10,-1.485716e+03,-1.960847e+03,
25,29,-4.189888e+10,-1.485716e+03,-1.960834e+03,
26,29,-4.189551e+10,-1.485716e+03,-1.960819e+03,
27,29,-4.189383e+10,-1.485716e+03,-1.960803e+03,
28,29,-4.189383e+10,-1.485716e+03,-1.960784e+03,
29,29,-3.555865e+10,-1.485812e+03,-1.962767e+03,
30,29,-3.555865e+10,-1.485812e+03,-1.962578e+03,
31,29,-3.561910e+10,-1.485810e+03,-1.962397e+03,
32,29,-3.573760e+10,-1.485806e+03,-1.962226e+03,
33,29,-3.590973e+10,-1.485801e+03,-1.962067e+03,
34,29,-3.612969e+10,-1.485795e+03,-1.961922e+03,
35,29,-3.639095e+10,-1.485788e+03,-1.961792e+03,
36,29,-3.668687e+10,-1.485780e+03,-1.961676e+03,
37,29,-3.701103e+10,-1.485772e+03,-1.961573e+03,
38,29,-3.735748e+10,-1.485765e+03,-1.961483e+03,
39,29,-3.772070e+10,-1.485757e+03,-1.961404e+03,
0,30,-3.809561e+10,-1.485750e+03,-1.961336e+03,
1,30,-3.847730e+10,-1.485743e+03,-1.961277e+03,
2,30,-3.886086e+10,-1.485737e+03,-1.961226e+03,
3,30,-3.924115e+10,-1.485732e+03,-1.961182e+03,
4,30,-3.961261e+10,-1.485727e+03,-1.961144e+03,
5,30,-3.996913e+10,-1.485723e+03,-1.961111e+03,
6,30,-4.030420e+10,-1.485720e+03,-1.961083e+03,
7,30,-4.061123e+10,-1.485718e+03,-1.961058e+03,
8,30,-4.088429e+10,-1.485716e+03,-1.961037e+03,
9,30,-4.111905e+10,-1.485715e+03,-1.961018e+03,
10,30,-4.131364e+10,-1.485715e+03,-1.961001e+03,
11,30,-4.146907e+10,-1.485714e+03,-1.960987e+03,
12,30,-4.158883e+10,-1.485714e+03,-1.960973e+03,
13,30,-4.167798e+10,-1.485714e+03,-1.960961e+03,
14,30,-4.174216e+10,-1.485714e+03,-1.960950e+03,
15,30,-4.178683e+10,-1.485714e+03,-1.960940e+03,
16,30,-4.181677e+10,-1.485715e+03,-1.960931e+03,
17,30,-4.183594e+10,-1.485715e+03,-1.960922e+03,
18,30,-4.184746e+10,-1.485715e+03,-1.960913e+03,
19,30,-4.185370e+10,-1.485715e+03,-1.960905e+03,
20,30,-4.185643e+10,-1.485715e+03,-1.960896e+03,
21,30,-4.185692e+10,-1.485715e+03,-1.960887e+03,
22,30,-4.185609e+10,-1.485715e+03,-1.960878e+03,
23,30,-4.185459e+10,-1.485715e+03,-1.960868e+03,
24,30,-4.185286e+10,-1.485715e+03,-1.960857e+03,
25,30,-4.185119e+10,-1.485715e+03,-1.960846e+03,
26,30,-4.184980e+10,-1.485715e+03,-1.960833e+03,
27,30,-4.184881e+10,-1.485715e+03,-1.960818e+03,
28,30,-4.184830e+10,-1.485715e+03,-1.960801e+03,
29,30,-4.184830e+10,-1.485715e+03,-1.960782e+03,
30,30,-3.510817e+10,-1.485826e+03,-1.962945e+03,
31,30,-3.510817e+10,-1.485826e+03,-1.962727e+03,
32,30,-3.517692e+10,-1.485823e+03,-1.962519e+03,
33,30,-3.531093e+10,-1.485819e+03,-1.962323e+03,
34,30,-3.550391e+10,-1.485813e+03,-1.962144e+03,
35,30,-3.574784e+10,-1.485806e+03,-1.961982e+03,
36,30,-3.603405e+10,-1.485797e+03,-1.961837e+03,
37,30,-3.635402e+10,-1.485789e+03,-1.961710e+03,
38,30,-3.669991e+10,-1.485780e+03,-1.961599e+03,
39,30,-3.706474e+10,-1.485771e+03,-1.961502e+03,
0,31,-3.744238e+10,-1.485763e+03,-1.961418e+03,
1,31,-3.782739e+10,-1.485755e+03,-1.961346e+03,
2,31,-3.821484e+10,-1.485748e+03,-1.961284e+03,
3,31,-3.860002e+10,-1.485741e+03,-1.961231e+03,
4,31,-3.897827e+10,-1.485735e+03,-1.961185e+03,
5,31,-3.934482e+10,-1.485730e+03,-1.961146e+03,
6,31,-3.969477e+10,-1.485726e+03,-1.961112e+03,
7,31,-4.002310e+10,-1.485723e+03,-1.961083e+03,
8,31,-4.032506e+10,-1.485720e+03,-1.961058e+03,
9,31,-4.059654e+10,-1.485718e+03,-1.961036e+03,
10,31,-4.083466e+10,-1.485716e+03,-1.961017e+03,
11,31,-4.103823e+10,-1.485715e+03,-1.961001e+03,
12,31,-4.120792e+10,-1.485715e+03,-1.960986e+03,
13,31,-4.134609e+10,-1.485714e+03,-1.960973e+03,
14,31,-4.145627e+10,-1.485714e+03,-1.960961e+03,
15,31,-4.154258e+10,-1.485714e+03,-1.960950e+03,
16,31,-4.160918e+10,-1.485714e+03,-1.960940e+03,
17,31,-4.165996e+10,-1.485714e+03,-1.960930e+03,
18,31,-4.169830e+10,-1.485714e+03,-1.960921e+03,
19,31,-4.172701e+10,-1.485714e+03,-1.960913e+03,
20,31,-4.174839e+10,-1.485714e+03,-1.960904e+03,
21,31,-4.176420e+10,-1.485714e+03,-1.960896e+03,
22,31,-4.177586e+10,-1.485714e+03,-1.960887e+03,
23,31,-4.178439e+10,-1.485714e+03,-1.960878e+03,
24,31,-4.179060e+10,-1.485715e+03,-1.960868e+03,
25,31,-4.179506e+10,-1.485715e+03,-1.960858e+03,
26,31,-4.179820e+10,-1.485715e+03,-1.960846e+03,
27,31,-4.180032e+10,-1.485715e+03,-1.960833e+03,
28,31,-4.180163e+10,-1.485715e+03,-1.960818e+03,
29,31,-4.180225e+10,-1.485715e+03,-1.960802e+03,
30,31,-4.180225e+10,-1.485715e+03,-1.960783e+03,
31,31,-3.458895e+10,-1.485842e+03,-1.963117e+03,
32,31,-3.458895e+10,-1.485842e+03,-1.962866e+03,
33,31,-3.466948e+10,-1.485839e+03,-1.962626e+03,
34,31,-3.482529e+10,-1.485834e+03,-1.962404e+03,
35,31,-3.504713e+10,-1.485827e+03,-1.962202e+03,
36,31,-3.532372e+10,-1.485818e+03,-1.962023e+03,
37,31,-3.564338e+10,-1.485808e+03,-1.961865e+03,
38,31,-3.599525e+10,-1.485798e+03,-1.961728e+03,
39,31,-3.636985e+10,-1.485788e+03,-1.961609e+03,
0,32,-3.675919e+10,-1.485778e+03,-1.961508e+03,
1,32,-3.715667e+10,-1.485769e+03,-1.961420e+03,
2,32,-3.755674e+10,-1.485760e+03,-1.961346e+03,
3,32,-3.795465e+10,-1.485752e+03,-1.961282e+03,
4,32,-3.834610e+10,-1.485745e+03,-1.961228e+03,
5,32,-3.872707e+10,-1.485739e+03,-1.961182e+03,
6,32,-3.909366e+10,-1.485733e+03,-1.961143e+03,
7,32,-3.944201e+10,-1.485729e+03,-1.961109e+03,
8,32,-3.976838e+10,-1.485725e+03,-1.961080e+03,
9,32,-4.006937e+10,-1.485722e+03,-1.961055e+03,
10,32,-4.034215e+10,-1.485719e+03,-1.961033e+03,
11,32,-4.058482e+10,-1.485717e+03,-1.961014e+03,
12,32,-4.079668e+10,-1.485716e+03,-1.960998e+03,
13,32,-4.097828e+10,-1.485715e+03,-1.960983e+03,
14,32,-4.113134e+10,-1.485714e+03,-1.960970e+03,
15,32,-4.125844e+10,-1.485714e+03,-1.960959e+03,
16,32,-4.136270e+10,-1.485714e+03,-1.960948e+03,
17,32,-4.144736e+10,-1.485714e+03,-1.960938e+03,
18,32,-4.151559e+10,-1.485714e+03,-1.960929e+03,
19,32,-4.157027e+10,-1.485714e+03,-1.960921e+03,
20,32,-4.161391e+10,-1.485714e+03,-1.960912e+03,
21,32,-4.164862e+10,-1.485714e+03,-1.960904e+03,
22,32,-4.167615e+10,-1.485714e+03,-1.960896e+03,
23,32,-4.169791e+10,-1.485714e+03,-1.960887e+03,
24,32,-4.171502e+10,-1.485714e+03,-1.960878e+03,
25,32,-4.172835e+10,-1.485714e+03,-1.960869e+03,
26,32,-4.173858e+10,-1.485714e+03,-1.960859e+03,
27,32,-4.174622e+10,-1.485714e+03,-1.960847e+03,
28,32,-4.175165e+10,-1.485714e+03,-1.960835e+03,
29,32,-4.175513e+10,-1.485714e+03,-1.960821e+03,
30,32,-4.175683e+10,-1.485714e+03,-1.960805e+03,
31,32,-4.175683e+10,-1.485714e+03,-1.960786e+03,
32,32,-3.398918e+10,-1.485861e+03,-1.963284e+03,
33,32,-3.398918e+10,-1.485861e+03,-1.962991e+03,
34,32,-3.408677e+10,-1.485857e+03,-1.962715e+03,
35,32,-3.427360e+10,-1.485851e+03,-1.962463e+03,
36,32,-3.453562e+10,-1.485842e+03,-1.962237e+03,
37,32,-3.485652e+10,-1.485832e+03,-1.962041e+03,
38,32,-3.522050e+10,-1.485820e+03,-1.961871e+03,
39,32,-3.561375e+10,-1.485809e+03,-1.961726e+03,
0,33,-3.602503e+10,-1.485797e+03,-1.961603e+03,
1,33,-3.644552e+10,-1.485786e+03,-1.961498e+03,
2,33,-3.686837e+10,-1.485776e+03,-1.961409e+03,
3,33,-3.728827e+10,-1.485766e+03,-1.961334e+03,
4,33,-3.770091e+10,-1.485757e+03,-1.961271e+03,
5,33,-3.810265e+10,-1.485749e+03,-1.961217e+03,
6,33,-3.849027e+10,-1.485742e+03,-1.961172e+03,
7,33,-3.886074e+10,-1.485736e+03,-1.961133e+03,
8,33,-3.921123e+10,-1.485731e+03,-1.961100e+03,
9,33,-3.953905e+10,-1.485727e+03,-1.961072e+03,
10,33,-3.984188e+10,-1.485723e+03,-1.961047e+03,
11,33,-4.011785e+10,-1.485721e+03,-1.961026e+03,
12,33,-4.036581e+10,-1.485718e+03,-1.961008e+03,
13,33,-4.058540e+10,-1.485717e+03,-1.960993e+03,
14,33,-4.077719e+10,-1.485715e+03,-1.960979e+03,
15,33,-4.094254e+10,-1.485714e+03,-1.960966e+03,
16,33,-4.108347e+10,-1.485714e+03,-1.960955e+03,
17,33,-4.120241e+10,-1.485714e+03,-1.960945e+03,
18,33,-4.130198e+10,-1.485713e+03,-1.960936e+03,
19,33,-4.138478e+10,-1.485713e+03,-1.960927e+03,
20,33,-4.145329e+10,-1.485713e+03,-1.960919e+03,
21,33,-4.150973e+10,-1.485713e+03,-1.960911e+03,
22,33,-4.155603e+10,-1.485713e+03,-1.960903e+03,
23,33,-4.159387e+10,-1.485713e+03,-1.960896e+03,
24,33,-4.162462e+10,-1.485713e+03,-1.960888e+03,
25,33,-4.164942e+10,-1.485714e+03,-1.960879e+03,
26,33,-4.166920e+10,-1.485714e+03,-1.960870e+03,
27,33,-4.168469e+10,-1.485714e+03,-1.960861e+03,
28,33,-4.169646e+10,-1.485714e+03,-1.960850e+03,
29,33,-4.170493e+10,-1.485714e+03,-1.960838e+03,
30,33,-4.171042e+10,-1.485714e+03,-1.960825e+03,
31,33,-4.171311e+10,-1.485714e+03,-1.960810e+03,
32,33,-4.171311e+10,-1.485714e+03,-1.960793e+03,
33,33,-3.329184e+10,-1.485884e+03,-1.963443e+03,
34,33,-3.329184e+10,-1.485884e+03,-1.963099e+03,
35,33,-3.341481e+10,-1.485879e+03,-1.962779e+03,
36,33,-3.364672e+10,-1.485871e+03,-1.962492e+03,
37,33,-3.396522e+10,-1.485860e+03,-1.962243e+03,
38,33,-3.434626e+10,-1.485847e+03,-1.962031e+03,
39,33,-3.476833e+10,-1.485833e+03,-1.961852e+03,
0,34,-3.521421e+10,-1.485820e+03,-1.961702e+03,
1,34,-3.567101e+10,-1.485807e+03,-1.961576e+03,
2,34,-3.612947e+10,-1.485794e+03,-1.961471e+03,
3,34,-3.658304e+10,-1.485782e+03,-1.961384e+03,
4,34,-3.702705e+10,-1.485771e+03,-1.961311e+03,
5,34,-3.745806e+10,-1.485762e+03,-1.961249e+03,
6,34,-3.787334e+10,-1.485753e+03,-1.961197e+03,
7,34,-3.827061e+10,-1.485746e+03,-1.961154e+03,
8,34,-3.864782e+10,-1.485739e+03,-1.961117e+03,
9,34,-3.900309e+10,-1.485734e+03,-1.961086e+03,
10,34,-3.933472e+10,-1.485729e+03,-1.961059e+03,
11,34,-3.964124e+10,-1.485725e+03,-1.961036e+03,
12,34,-3.992159e+10,-1.485722e+03,-1.961017e+03,
13,34,-4.017515e+10,-1.485719e+03,-1.961000e+03,
14,34,-4.040193e+10,-1.485717e+03,-1.960985e+03,
15,34,-4.060254e+10,-1.485716e+03,-1.960972e+03,
16,34,-4.077817e+10,-1.485715e+03,-1.960961e+03,
17,34,-4.093048e+10,-1.485714e+03,-1.960950e+03,
18,34,-4.106148e+10,-1.485713e+03,-1.960941e+03,
19,34,-4.117334e+10,-1.485713e+03,-1.960933e+03,
20,34,-4.126827e+10,-1.485713e+03,-1.960925e+03,
21,34,-4.134839e+10,-1.485713e+03,-1.960917e+03,
22,34,-4.141568e+10,-1.485713e+03,-1.960910e+03,
23,34,-4.147192e+10,-1.485713e+03,-1.960903e+03,
24,34,-4.151867e+10,-1.485713e+03,-1.960896e+03,
25,34,-4.155727e+10,-1.485713e+03,-1.960888e+03,
26,34,-4.158885e+10,-1.485713e+03,-1.960881e+03,
27,34,-4.161435e+10,-1.485713e+03,-1.960872e+03,
28,34,-4.163453e+10,-1.485713e+03,-1.960864e+03,
29,34,-4.164999e+10,-1.485713e+03,-1.960854e+03,
30,34,-4.166120e+10,-1.485713e+03,-1.960843e+03,
31,34,-4.166849e+10,-1.485714e+03,-1.960831e+03,
32,34,-4.167209e+10,-1.485714e+03,-1.960817e+03,
33,34,-4.167209e+10,-1.485714e+03,-1.960801e+03,
34,34,-3.247152e+10,-1.485912e+03,-1.963594e+03,
35,34,-3.247152e+10,-1.485912e+03,-1.963182e+03,
36,34,-3.263393e+10,-1.485905e+03,-1.962807e+03,
37,34,-3.293324e+10,-1.485894e+03,-1.962483e+03,
38,34,-3.333228e+10,-1.485880e+03,-1.962211e+03,
39,34,-3.379497e+10,-1.485864e+03,-1.961986e+03,
0,35,-3.429237e+10,-1.485848e+03,-1.961802e+03,
1,35,-3.480376e+10,-1.485831e+03,-1.961652e+03,
2,35,-3.531533e+10,-1.485816e+03,-1.961528e+03,
3,35,-3.581831e+10,-1.485802e+03,-1.961427e+03,
4,35,-3.630726e+10,-1.485789e+03,-1.961344e+03,
5,35,-3.677885e+10,-1.485777e+03,-1.961274e+03,
6,35,-3.723093e+10,-1.485766e+03,-1.961217e+03,
7,35,-3.766203e+10,-1.485757e+03,-1.961169e+03,
8,35,-3.807100e+10,-1.485749e+03,-1.961129e+03,
9,35,-3.845683e+10,-1.485742e+03,-1.961095e+03,
10,35,-3.881861e+10,-1.485736e+03,-1.961067e+03,
11,35,-3.915549e+10,-1.485731e+03,-1.961042e+03,
12,35,-3.946680e+10,-1.485726e+03,-1.961022e+03,
13,35,-3.975209e+10,-1.485723e+03,-1.961004e+03,
14,35,-4.001128e+10,-1.485720e+03,-1.960989e+03,
15,35,-4.024463e+10,-1.485718e+03,-1.960975e+03,
16,35,-4.045286e+10,-1.485716e+03,-1.960964e+03,
17,35,-4.063710e+10,-1.485715e+03,-1.960954e+03,
18,35,-4.079881e+10,-1.485714e+03,-1.960944e+03,
19,35,-4.093970e+10,-1.485713e+03,-1.960936e+03,
20,35,-4.106165e+10,-1.485713e+03,-1.960929e+03,
21,35,-4.116656e+10,-1.485713e+03,-1.960922e+03,
22,35,-4.125631e+10,-1.485712e+03,-1.960915e+03,
23,35,-4.133268e+10,-1.485712e+03,-1.960908e+03,
24,35,-4.139729e+10,-1.485712e+03,-1.960902e+03,
25,35,-4.145161e+10,-1.485712e+03,-1.960896e+03,
26,35,-4.149693e+10,-1.485712e+03,-1.960889e+03,
27,35,-4.153435e+10,-1.485713e+03,-1.960882e+03,
28,35,-4.156481e+10,-1.485713e+03,-1.960875e+03,
29,35,-4.158908e+10,-1.485713e+03,-1.960867e+03,
30,35,-4.160777e+10,-1.485713e+03,-1.960859e+03,
31,35,-4.162139e+10,-1.485713e+03,-1.960849e+03,
32,35,-4.163027e+10,-1.485713e+03,-1.960838e+03,
33,35,-4.163466e+10,-1.485713e+03,-1.960826e+03,
34,35,-4.163466e+10,-1.485713e+03,-1.960812e+03,
35,35,-3.148877e+10,-1.485946e+03,-1.963734e+03,
36,35,-3.148877e+10,-1.485946e+03,-1.963226e+03,
37,35,-3.171616e+10,-1.485937e+03,-1.962784e+03,
38,35,-3.212003e+10,-1.485922e+03,-1.962420e+03,
39,35,-3.263570e+10,-1.485903e+03,-1.962130e+03,
0,36,-3.320897e+10,-1.485883e+03,-1.961900e+03,
1,36,-3.380241e+10,-1.485863e+03,-1.961718e+03,
2,36,-3.439312e+10,-1.485843e+03,-1.961574e+03,
3,36,-3.496824e+10,-1.485826e+03,-1.961458e+03,
4,36,-3.552117e+10,-1.485810e+03,-1.961364e+03,
5,36,-3.604886e+10,-1.485795e+03,-1.961288e+03,
6,36,-3.655015e+10,-1.485782e+03,-1.961226e+03,
7,36,-3.702478e+10,-1.485771e+03,-1.961175e+03,
8,36,-3.747286e+10,-1.485760e+03,-1.961133e+03,
9,36,-3.789453e+10,-1.485752e+03,-1.961097e+03,
10,36,-3.828991e+10,-1.485744e+03,-1.961068e+03,
11,36,-3.865901e+10,-1.485738e+03,-1.961043e+03,
12,36,-3.900183e+10,-1.485732e+03,-1.961022e+03,
13,36,-3.931836e+10,-1.485728e+03,-1.961004e+03,
14,36,-3.960872e+10,-1.485724e+03,-1.960988e+03,
15,36,-3.987323e+10,-1.485721e+03,-1.960975e+03,
16,36,-4.011244e+10,-1.485719e+03,-1.960964e+03,
17,36,-4.032718e+10,-1.485717e+03,-1.960954e+03,
18,36,-4.051857e+10,-1.485715e+03,-1.960945e+03,
19,36,-4.068795e+10,-1.485714e+03,-1.960937e+03,
20,36,-4.083687e+10,-1.485713e+03,-1.960930e+03,
21,36,-4.096699e+10,-1.485713e+03,-1.960924e+03,
22,36,-4.108001e+10,-1.485712e+03,-1.960918e+03,
23,36,-4.117762e+10,-1.485712e+03,-1.960912e+03,
24,36,-4.126143e+10,-1.485712e+03,-1.960906e+03,
25,36,-4.133296e+10,-1.485712e+03,-1.960901e+03,
26,36,-4.139357e+10,-1.485712e+03,-1.960896e+03,
27,36,-4.144450e+10,-1.485712e+03,-1.960890e+03,
28,36,-4.148682e+10,-1.485712e+03,-1.960884e+03,
29,36,-4.152146e+10,-1.485712e+03,-1.960878e+03,
30,36,-4.154919e+10,-1.485713e+03,-1.960872e+03,
31,36,-4.157064e+10,-1.485713e+03,-1.960864e+03,
32,36,-4.158630e+10,-1.485713e+03,-1.960856e+03,
33,36,-4.159655e+10,-1.485713e+03,-1.960847e+03,
34,36,-4.160161e+10,-1.485713e+03,-1.960837e+03,
35,36,-4.160161e+10,-1.485713e+03,-1.960825e+03,
36,36,-3.027864e+10,-1.485990e+03,-1.963854e+03,
37,36,-3.027864e+10,-1.485990e+03,-1.963203e+03,
38,36,-3.062192e+10,-1.485976e+03,-1.962678e+03,
39,36,-3.119500e+10,-1.485954e+03,-1.962282e+03,
0,37,-3.188153e+10,-1.485928e+03,-1.961986e+03,
1,37,-3.260279e+10,-1.485902e+03,-1.961764e+03,
2,37,-3.331519e+10,-1.485878e+03,-1.961596e+03,
3,37,-3.399807e+10,-1.485855e+03,-1.961466e+03,
4,37,-3.464335e+10,-1.485835e+03,-1.961364e+03,
5,37,-3.524927e+10,-1.485817e+03,-1.961284e+03,
6,37,-3.581685e+10,-1.485801e+03,-1.961219e+03,
7,37,-3.634810e+10,-1.485787e+03,-1.961167e+03,
8,37,-3.684520e+10,-1.485774e+03,-1.961124e+03,
9,37,-3.731009e+10,-1.485764e+03,-1.961089e+03,
10,37,-3.774437e+10,-1.485754e+03,-1.961059e+03,
11,37,-3.814926e+10,-1.485746e+03,-1.961035e+03,
12,37,-3.852571e+10,-1.485740e+03,-1.961015e+03,
13,37,-3.887444e+10,-1.485734e+03,-1.960998e+03,
14,37,-3.919608e+10,-1.485729e+03,-1.960983e+03,
15,37,-3.949121e+10,-1.485725e+03,-1.960970e+03,
16,37,-3.976049e+10,-1.485722e+03,-1.960960e+03,
17,37,-4.000472e+10,-1.485719e+03,-1.960951e+03,
18,37,-4.022486e+10,-1.485717e+03,-1.960943e+03,
19,37,-4.042203e+10,-1.485715e+03,-1.960935e+03,
20,37,-4.059755e+10,-1.485714e+03,-1.960929e+03,
21,37,-4.075284e+10,-1.485713e+03,-1.960923e+03,
22,37,-4.088943e+10,-1.485712e+03,-1.960918e+03,
23,37,-4.100888e+10,-1.485712e+03,-1.960913e+03,
24,37,-4.111272e+10,-1.485712e+03,-1.960909e+03,
25,37,-4.120247e+10,-1.485712e+03,-1.960904e+03,
26,37,-4.127953e+10,-1.485712e+03,-1.960900e+03,
27,37,-4.134521e+10,-1.485712e+03,-1.960896e+03,
28,37,-4.140068e+10,-1.485712e+03,-1.960891e+03,
29,37,-4.144698e+10,-1.485712e+03,-1.960887e+03,
30,37,-4.148503e+10,-1.485712e+03,-1.960882e+03,
31,37,-4.151559e+10,-1.485712e+03,-1.960877e+03,
32,37,-4.153929e+10,-1.485712e+03,-1.960871e+03,
33,37,-4.155664e+10,-1.485713e+03,-1.960864e+03,
34,37,-4.156800e+10,-1.485713e+03,-1.960857e+03,
35,37,-4.157362e+10,-1.485713e+03,-1.960849e+03,
36,37,-4.157362e+10,-1.485713e+03,-1.960839e+03,
37,37,-2.872523e+10,-1.486047e+03,-1.963941e+03,
38,37,-2.872523e+10,-1.486047e+03,-1.963050e+03,
39,37,-2.929788e+10,-1.486025e+03,-1.962443e+03,
0,38,-3.015651e+10,-1.485991e+03,-1.962040e+03,
1,38,-3.109265e+10,-1.485956e+03,-1.961767e+03,
2,38,-3.200545e+10,-1.485922e+03,-1.961574e+03,
3,38,-3.285751e+10,-1.485892e+03,-1.961434e+03,
4,38,-3.364060e+10,-1.485866e+03,-1.961329e+03,
5,38,-3.435782e+10,-1.485843e+03,-1.961249e+03,
6,38,-3.501571e+10,-1.485823e+03,-1.961187e+03,
7,38,-3.562116e+10,-1.485806e+03,-1.961137e+03,
8,38,-3.618021e+10,-1.485791e+03,-1.961097e+03,
9,38,-3.669783e+10,-1.485777e+03,-1.961065e+03,
10,38,-3.717794e+10,-1.485766e+03,-1.961038e+03,
11,38,-3.762357e+10,-1.485756e+03,-1.961017e+03,
12,38,-3.803705e+10,-1.485748e+03,-1.960998e+03,
13,38,-3.842012e+10,-1.485741e+03,-1.960983e+03,
14,38,-3.877416e+10,-1.485735e+03,-1.960971e+03,
15,38,-3.910031e+10,-1.485730e+03,-1.960960e+03,
16,38,-3.939954e+10,-1.485725e+03,-1.960951e+03,
17,38,-3.967281e+10,-1.485722e+03,-1.960943e+03,
18,38,-3.992110e+10,-1.485719e+03,-1.960936e+03,
19,38,-4.014549e+10,-1.485717e+03,-1.960930e+03,
20,38,-4.034716e+10,-1.485715e+03,-1.960925e+03,
21,38,-4.052738e+10,-1.485714e+03,-1.960920e+03,
22,38,-4.068752e+10,-1.485713e+03,-1.960916e+03,
23,38,-4.082902e+10,-1.485712e+03,-1.960912e+03,
24,38,-4.095334e+10,-1.485712e+03,-1.960909e+03,
25,38,-4.106193e+10,-1.485712e+03,-1.960905e+03,
26,38,-4.115620e+10,-1.485711e+03,-1.960902e+03,
27,38,-4.123749e+10,-1.485711e+03,-1.960899e+03,
28,38,-4.130705e+10,-1.485711e+03,-1.960896e+03,
29,38,-4.136601e+10,-1.485712e+03,-1.960893e+03,
30,38,-4.141539e+10,-1.485712e+03,-1.960889e+03,
31,38,-4.145608e+10,-1.485712e+03,-1.960886e+03,
32,38,-4.148884e+10,-1.485712e+03,-1.960882e+03,
33,38,-4.151430e+10,-1.485712e+03,-1.960878e+03,
34,38,-4.153296e+10,-1.485712e+03,-1.960873e+03,
35,38,-4.154520e+10,-1.485712e+03,-1.960868e+03,
36,38,-4.155125e+10,-1.485712e+03,-1.960862e+03,
37,38,-4.155125e+10,-1.485712e+03,-1.960855e+03,
38,38,-2.659917e+10,-1.486129e+03,-1.963955e+03,
39,38,-2.659917e+10,-1.486129e+03,-1.962608e+03,
